S/N,NAME,GENDER,PARTY,VOTES,ELECTED,STATE,ZONE
1,EMEKA UWAKOLAM,MALE,A,43,,ABIA,ABIA
2,UBANI VINCENT ANTHONY,MALE,AAC,254,,ABIA,ABIA
3,OPARA ALPHONSIUS OBINNA,MALE,ACD,166,,ABIA,ABIA
4,OBINNA KELENNA,MALE,ADC,333,,ABIA,ABIA
5,OKEY OKORO UDO,MALE,ADP,522,,ABIA,ABIA
6,IGWO NNANNA OKPAN,MALE,AGA,293,,ABIA,ABIA
7,ONUOHA UKO IGWE,MALE,AGAP,247,,ABIA,ABIA
8,ULUNWA UTOKANNANDU MORGAN,MALE,ANP,289,,ABIA,ABIA
9,OGAH UCHECHUKWU SAMSON,MALE,APC,"99,574",,ABIA,ABIA
10,ALEX OTTI,MALE,APGA,"64,366",,ABIA,ABIA
11,UMEH CHARLES OKEZI,MALE,APP,138,,ABIA,ABIA
12,CHIJIOKE OWANTA,MALE,ASD,35,,ABIA,ABIA
13,MICHAEL IMOJO NDU,MALE,AUN,29,,ABIA,ABIA
,CHINWUBA QUEEN EDITH,,,,,ABIA,ABIA
14,,MALE,CAP,21,,ABIA,ABIA
,ASIKARALINOUN,,,,,ABIA,ABIA
15,OBASI HEAVENS UGOCHUKWU,MALE,DA,14,,ABIA,ABIA
16,PAUL CHINEDU EMMANUEL,MALE,FRESH,22,,ABIA,ABIA
17,ANNYALEWACHI NWAOZURU,MALE,GPN,33,,ABIA,ABIA
18,GILBERT CHIKEZIE CHRIS,MALE,ID,38,,ABIA,ABIA
19,CHARLES OKECHUKWU OKEREKE,MALE,JMPP,40,,ABIA,ABIA
20,BENSON CHIBUNNA ONYEKACHI,MALE,KP,102,,ABIA,ABIA
21,IGARA CEEKAY KALU,MALE,LP,520,,ABIA,ABIA
22,UDEAGHA ROSE UZOARU,FEMALE,MPN,124,,ABIA,ABIA
23,MADU ANTHONY CHUKWUONYE,MALE,PDC,442,,ABIA,ABIA
,,,,,Declared,ABIA,ABIA
24,OKEZIE VICTOR IKPEAZU,MALE,PDP,"261,127",,ABIA,ABIA
,,,,,Elected,ABIA,ABIA
25,OKORONKWO FORTUNES PAUL,MALE,PPC,"1,044",,ABIA,ABIA
26,CHUKWUDI NNABUGWU,MALE,PPN,624,,ABIA,ABIA
27,AWA EZEKIEL ANYA,MALE,PT,53,,ABIA,ABIA
28,AHAIWE UDOCHUKWU ELVIS,MALE,RP,89,,ABIA,ABIA
29,HON. (MRS) BLESSING NWAGBA,FEMALE,SDP,"2,191",,ABIA,ABIA
30,FRANCIS ONUGU UKWU,MALE,UPP,151,,ABIA,ABIA
31,NKORO JOSEPH NGOZI,MALE,YPP,100,,ABIA,ABIA
32,ORJI KINGSLEY,MALE,ZLP,291,,ABIA,ABIA
1,HASSAN DANTSOHO,MALE,A,239,,ADAMAWA,ADAMAWA
2,AMED ALIYU AHMED,MALE,AA,93,,ADAMAWA,ADAMAWA
3,SAID LAWAN UBA A.,MALE,AAC,"1,098",,ADAMAWA,ADAMAWA
4,DANIEL SHAGA ISMAILA,MALE,ABP,159,,ADAMAWA,ADAMAWA
5,SHUAIBU BILKISU CHINDO,MALE,ACD,"1,942",,ADAMAWA,ADAMAWA
6,NYAKO ABDUL -AZIZ MURTALA,MALE,ADC,"113,237",,ADAMAWA,ADAMAWA
7,MUSA GARKIDA DAVID,MALE,AGA,"1,169",,ADAMAWA,ADAMAWA
8,ABEL BEHORA,MALE,ANN,"2,545",,ADAMAWA,ADAMAWA
9,UMAR BELLO JADA,MALE,ANP,934,,ADAMAWA,ADAMAWA
10,MOHAMMED UMAR JIBRILLA,MALE,APC,"336,386",,ADAMAWA,ADAMAWA
11,SALIHU BIRJI BANJIRAM,MALE,APM,629,,ADAMAWA,ADAMAWA
12,AUDU RUKAYYA SHELLENG,FEMALE,APP,180,,ADAMAWA,ADAMAWA
13,BALDEINO ELIZABETH ISAH,FEMALE,CAP,86,,ADAMAWA,ADAMAWA
14,AHMED HASSAN,MALE,DA,101,,ADAMAWA,ADAMAWA
15,DANJUMA MUHAMMED MUSA,MALE,FJP,69,,ADAMAWA,ADAMAWA
16,NYAKO NURUDDEEN HAMMANADAMA,MALE,GPN,246,,ADAMAWA,ADAMAWA
17,BADAU ISSAC SA'ADU,MALE,JMPP,117,,ADAMAWA,ADAMAWA
18,BAPPARI UMARU,MALE,KP,172,,ADAMAWA,ADAMAWA
19,FRANK SIMEON KOSHIHULA,MALE,MPN,263,,ADAMAWA,ADAMAWA
20,ABDULLAHI USMAN,MALE,NCP,183,,ADAMAWA,ADAMAWA
21,UMARU AHMADU,MALE,PDP,"376,552",ELECTED,ADAMAWA,ADAMAWA
22,NAAMA BULAMA,FEMALE,PPA,"1,399",,ADAMAWA,ADAMAWA
23,ELI CLARKSON GAJERE,MALE,PPC,836,,ADAMAWA,ADAMAWA
24,LAMI MUSA,FEMALE,PPN,"2,256",,ADAMAWA,ADAMAWA
25,MAIGANA MUSA ISMAILA,MALE,PT,202,,ADAMAWA,ADAMAWA
26,STEVE MIDALAH N,MALE,RBNP,186,,ADAMAWA,ADAMAWA
27,EMMANUEL BELLO,MALE,SDP,"29,792",,ADAMAWA,ADAMAWA
28,BAWA SIMON,MALE,YPP,171,,ADAMAWA,ADAMAWA
29,NAZEER SA'AD MAIYAKI,MALE,ZLP,65,,ADAMAWA,ADAMAWA
1,JOSEPH OKON JAMES,MALE,A,34,,AKWA,AKWA IBOM
2,OKPONGETE EMMANUEL,MALE,AAP,159,,AKWA,AKWA IBOM
3,OBONG SAMUEL ATANG,MALE,ABP,106,,AKWA,AKWA IBOM
4,TIM JOSEPH EDUOK,MALE,ACD,124,,AKWA,AKWA IBOM
5,SAMUEL DAVID UDOH,MALE,AD,66,,AKWA,AKWA IBOM
6,OBOT UDEME EDET,MALE,ADC,284,,AKWA,AKWA IBOM
7,UKEME UKO PETER,MALE,ADP,152,,AKWA,AKWA IBOM
8,DIVINE SOLOMON BASSEY,MALE,AGAP,34,,AKWA,AKWA IBOM
9,EFFIONG NDARAKE EFFIONG,MALE,ANDP,38,,AKWA,AKWA IBOM
10,IBORO ROBERT OT U,MALE,ANRP,234,,AKWA,AKWA IBOM
11,NSIMA UDO EKERE,MALE,APC,"171,978",,AKWA,AKWA IBOM
12,NSISONG ISAAC MONDAY,MALE,BNPP,74,,AKWA,AKWA IBOM
13,UMOH BENJAMIN OKON,MALE,C4C,19,,AKWA,AKWA IBOM
14,ETIM DAVID BASSEY,MALE,CAP,24,,AKWA,AKWA IBOM
15,ANIETTE UDO UKPONG,MALE,CNP,6,,AKWA,AKWA IBOM
16,BENEDICT JOHNSON ATTA,MALE,DA,28,,AKWA,AKWA IBOM
17,EKANEM ANIEKAN ESSIEN,MALE,DPC,78,,AKWA,AKWA IBOM
18,OBONG EDET INWANG UDOH,MALE,DPP,295,,AKWA,AKWA IBOM
19,ENYENIHI VICTOR ABIA,MALE,FJP,453,,AKWA,AKWA IBOM
20,ITORO EKPA BASSEY,MALE,GPN,55,,AKWA,AKWA IBOM
21,AYANGA SUNDAY EFFIONG,MALE,HDP,22,,AKWA,AKWA IBOM
22,BASSEY EDET WILLIE,MALE,JMPP,26,,AKWA,AKWA IBOM
23,EDEM OKON ESSIEN,MALE,KP,43,,AKWA,AKWA IBOM
24,ABASIAKAN SAMUEL ESSIEN,MALE,LP,44,,AKWA,AKWA IBOM
25,OKON UKO USEME,MALE,MPN,30,,AKWA,AKWA IBOM
26,ELDER IMOH OKON DAVID,MALE,MRDD,165,,AKWA,AKWA IBOM
27,IDORENYIN BONIFACE AKPAN,FEMALE,NAC,16,,AKWA,AKWA IBOM
28,GEORGE NSIDIBE AUGUSTINE,MALE,NCMP,26,,AKWA,AKWA IBOM
29,IME UDIA,MALE,NEPP,10,,AKWA,AKWA IBOM
30,EMMANUEL OFFIONG ESARA,MALE,NFD,13,,AKWA,AKWA IBOM
31,OKON DANIEL FRANK,MALE,NNPP,63,,AKWA,AKWA IBOM
32,BEN CHRISTOPHER BASSEY,MALE,NRM,32,,AKWA,AKWA IBOM
33,ISSAC  INIOBONG A.,MALE,PDC,627,,AKWA,AKWA IBOM
,,,,,Declared,AKWA,AKWA IBOM
34,UDOM EMMANUEL H.E,MALE,PDP,"519,712",,AKWA,AKWA IBOM
,,,,,Elected,AKWA,AKWA IBOM
35,EKONG MFON UDO,MALE,PPA,443,,AKWA,AKWA IBOM
36,EFFIONG OKON EKAEBA,MALE,PPN,71,,AKWA,AKWA IBOM
37,EKPONG EYO EYO,MALE,PPP,88,,AKWA,AKWA IBOM
38,SUNDAY ERASMUS MBOBO,MALE,PRP,34,,AKWA,AKWA IBOM
39,ASUKASO DAVIS EKANEM,MALE,SDP,39,,AKWA,AKWA IBOM
1,AHMED ISAH TAHIR,MALE,ABP,175,,BAUCHI,BAUCHI
2,MAHMOOD BAHEEJAH ABDULLAHI,FEMALE,ACD,298,,BAUCHI,BAUCHI
3,ABBASS ABUBAKAR ABBASS,MALE,ACPN,134,,BAUCHI,BAUCHI
4,ALIYU MAHMUD,MALE,AD,85,,BAUCHI,BAUCHI
5,BULUS YOHANNA,MALE,ADC,357,,BAUCHI,BAUCHI
6,HUSSAINI SULAIMAN SARAKI,MALE,ADP,337,,BAUCHI,BAUCHI
7,MUKTAR GARBA,MALE,AGA,685,,BAUCHI,BAUCHI
8,MOHAMMED ABDULLAHI ABUBAKAR,MALE,APC,"470,570",,BAUCHI,BAUCHI
9,AUWAL ISAH,MALE,APM,"1,258",,BAUCHI,BAUCHI
10,KABIRU ISYAKU,MALE,APP,526,,BAUCHI,BAUCHI
11,GARBA MUHAMMAD ABDULKADIR,MALE,ASD,155,,BAUCHI,BAUCHI
12,ZAIDU MATI,MALE,BNPP,162,,BAUCHI,BAUCHI
13,RABIU ABUBAKAR AHMAD,MALE,CAP,83,,BAUCHI,BAUCHI
14,BABAGINDA LADAN IMAN,MALE,DA,95,,BAUCHI,BAUCHI
15,ALIYU UMAR,MALE,DPC,97,,BAUCHI,BAUCHI
16,MOHAMMED JUMBA,MALE,GPN,"2,143",,BAUCHI,BAUCHI
17,MUHAMMED BELLO YASHI,MALE,KP,38,,BAUCHI,BAUCHI
18,USMAN ISMAILA YALWA,MALE,MAJA,52,,BAUCHI,BAUCHI
19,KANI GIDADO MOHAMMED,MALE,MMN,99,,BAUCHI,BAUCHI
20,AUWAL HASSAN,MALE,MPN,88,,BAUCHI,BAUCHI
21,MUHAMMED GARBA BATURE,MALE,NEPP,264,,BAUCHI,BAUCHI
22,SHUAIBU ADAMU AHMED,MALE,NNPP,"31,058",,BAUCHI,BAUCHI
23,UMAR ADAMU YUSUF,MALE,NRM,266,,BAUCHI,BAUCHI
24,HASSAN UMAR GALAMBI U,MALE,PDC,"2,617",,BAUCHI,BAUCHI
,,,,,Declared,BAUCHI,BAUCHI
25,BALA ABDULKADIR MOHAMMED,MALE,PDP,"475,888",,BAUCHI,BAUCHI
,,,,,Elected,BAUCHI,BAUCHI
26,BELLO SAIDU ABUBAKAR,MALE,PPN,945,,BAUCHI,BAUCHI
27,MUHAMMAD ALI PATE,MALE,PRP,"45,736",,BAUCHI,BAUCHI
28,AMINU MOHAMMED,MALE,SDP,"3,744",,BAUCHI,BAUCHI
29,BALARABE SANUSI,MALE,SNP,202,,BAUCHI,BAUCHI
30,IDRIS AHMED,MALE,UPN,149,,BAUCHI,BAUCHI
31,MUSA MATO,MALE,UPP,63,,BAUCHI,BAUCHI
1,AKPUR EMMANUEL TERFA,MALE,AA,191,,BENUE,BENUE
2,CALEB TER NYIKWAGH,MALE,AAC,268,,BENUE,BENUE
3,AHEMBA GODWIN,MALE,ABP,112,,BENUE,BENUE
4,JACOB TSAVTIM TERHEMEN,MALE,ACD,156,,BENUE,BENUE
5,TYOHEMBA SIMON KORAPE,MALE,ADC,"1,693",,BENUE,BENUE
6,JIM OKEWU,MALE,ADP,"1,224",,BENUE,BENUE
7,IYAH IYAH,MALE,ANN,477,,BENUE,BENUE
8,EMMANUEL JIME,MALE,APC,"345,155",,BENUE,BENUE
9,OGIRI MAXWELL,MALE,APDA,730,,BENUE,BENUE
10,JOHN AONDOHEMBA TSEAYO,MALE,APGA,"3,502",,BENUE,BENUE
11,AGADA GRACE,FEMALE,BNPP,315,,BENUE,BENUE
12,OJOBO JOHN DOUGLAS,MALE,CAP,50,,BENUE,BENUE
13,ORGBER M COLLINS,MALE,DA,42,,BENUE,BENUE
14,EMMANUEL ASORTAR,MALE,GDPN,43,,BENUE,BENUE
15,VEREM TURUGH,MALE,GPN,45,,BENUE,BENUE
16,KURAUN LUBEN JEREMIAH,MALE,JMPP,78,,BENUE,BENUE
17,ANGYA PAUL YAVERSHIMA,MALE,LP,"3,742",,BENUE,BENUE
18,EIJE EYUM CYNTHIA,FEMALE,MPN,204,,BENUE,BENUE
19,STEPHEN AKUMA S,MALE,NCP,"1,513",,BENUE,BENUE
20,NYITSE RICHARD,MALE,NEPP,123,,BENUE,BENUE
21,SAM ZUGA,MALE,NPC,492,,BENUE,BENUE
22,LADY COMFORT ANGULA,FEMALE,NRM,567,,BENUE,BENUE
,,,,,Declared,BENUE,BENUE
23,SAMUEL IORAER ORTOM,MALE,PDP,"434,473",,BENUE,BENUE
,,,,,Elected,BENUE,BENUE
24,CLEMENT AONDONA TYAV,MALE,PPC,986,,BENUE,BENUE
25,APINKE TORKWAGH,MALE,PPN,"1,056",,BENUE,BENUE
26,PATRICK ODEH,MALE,PPP,370,,BENUE,BENUE
27,FREDERICK IKYAAN LANSHIMA,MALE,PRP,"26,786",,BENUE,BENUE
28,DAA'GBA INNOCENT I. D.,MALE,PT,117,,BENUE,BENUE
29,HWANDE STEPHEN TERUNGWA,MALE,SDP,"5,620",,BENUE,BENUE
30,HEMBA GABRIEL,MALE,SNP,75,,BENUE,BENUE
31,SAM ABAH,MALE,UPP,197,,BENUE,BENUE
32,AYUA TERHILEY EMMANUEL,MALE,YPP,424,,BENUE,BENUE
33,COMR RICHARD GBAWUAN,MALE,ZLP,128,,BENUE,BENUE
1,MUKTAR ABDULLAHI,MALE,AD,533,,BORNO,BORNO
2,MUHAMMED KHALAJINDA,MALE,ADC,585,,BORNO,BORNO
3,ALIYU AUDU SHUAIBU,MALE,ADP,"1,219",,BORNO,BORNO
,,,,,Declared,BORNO,BORNO
4,BABA GANA UMARA,MALE,APC,"1,175,440",,BORNO,BORNO
,,,,,Elected,BORNO,BORNO
5,BABAGANA MOHAMMAD,MALE,APM,587,,BORNO,BORNO
6,MUSTAPHA MUHAMMED KIMEMI,MALE,APN,662,,BORNO,BORNO
7,UMAR ALI DIMARI,MALE,APP,436,,BORNO,BORNO
8,BABA KACHALLA MUHAMMAD,MALE,ASD,77,,BORNO,BORNO
9,KAKA GONI SHETTIMA,MALE,BNPP,64,,BORNO,BORNO
10,BABAGANA MALAH BAKAMI,MALE,CAP,113,,BORNO,BORNO
11,BABA GANA GALAWAJI,MALE,DA,102,,BORNO,BORNO
12,YUSUF KACHALLAH,MALE,DPP,247,,BORNO,BORNO
13,MOHAMMED SHEHU LAMINU,MALE,GPN,"2,014",,BORNO,BORNO
14,MONGUNO RUFAI,MALE,ID,55,,BORNO,BORNO
15,ABUBAKAR ABDULLAHI,MALE,JMPP,59,,BORNO,BORNO
16,HABIB MUHAMMED ABBA,MALE,KP,836,,BORNO,BORNO
17,GONI BUKAR IBRAHIM,MALE,MMN,133,,BORNO,BORNO
18,MOHAMMAD BUKAR,MALE,NCMP,150,,BORNO,BORNO
19,GREMA LAWAN,MALE,NDLP,167,,BORNO,BORNO
20,BUKAR TAHIRU,MALE,NEPP,855,,BORNO,BORNO
21,ADAMU ALI,MALE,NPM,118,,BORNO,BORNO
22,MUSTAPHA UMAR MUSTAFA,MALE,NRM,143,,BORNO,BORNO
23,MOHAMMED ALKALI IMAM,MALE,PDP,"66,115",,BORNO,BORNO
24,BABAGANA MUSA K,MALE,PPA,281,,BORNO,BORNO
25,UMAR MUSTAPHA,MALE,PPN,374,,BORNO,BORNO
26,ABBA MODU,MALE,SDP,"10,776",,BORNO,BORNO
27,IBRAHIM TALBA,MALE,SNC,53,,BORNO,BORNO
28,BUKAR GARBA,MALE,UPC,133,,BORNO,BORNO
29,USMAN BABA,MALE,UPN,55,,BORNO,BORNO
30,ALH. BAKO ALI BARMA,MALE,UPP,59,,BORNO,BORNO
31,BABAGANA MOHAMMED,MALE,YES,104,,BORNO,BORNO
32,CAPTAIN IBRAHIM KADIFIR MSHELIA,MALE,ZLP,"4,422",,BORNO,BORNO
1,ENO ENO ENANG,MALE,A,34,,CROSS,CROSS RIVER
2,EKENG EFFIOM EFFIOM,MALE,AA,22,,CROSS,CROSS RIVER
3,UZONG GEORGE MOSES,MALE,ABP,262,,CROSS,CROSS RIVER
4,EBUGHE KENNETH,MALE,AD,95,,CROSS,CROSS RIVER
5,USHIE TONY ASHIBESIBE,MALE,ADC,490,,CROSS,CROSS RIVER
6,EDWARD ANIAD UGBE,MALE,ADP,648,,CROSS,CROSS RIVER
7,OWAN ENOH JOHN,MALE,APC,"131,161",,CROSS,CROSS RIVER
8,CHARLES INAH OKOI,MALE,ASD,360,,CROSS,CROSS RIVER
9,INAH THOMAS ENYI,MALE,C4C,25,,CROSS,CROSS RIVER
10,MORPHY PAMELA UBAGIDI,FEMALE,CAP,14,,CROSS,CROSS RIVER
11,CHARLES OFFIONG,MALE,DA,27,,CROSS,CROSS RIVER
12,UBI HOSSANA UKONU,MALE,DPC,52,,CROSS,CROSS RIVER
13,ENGR NGANG BASSEY NGANG,MALE,DPP,244,,CROSS,CROSS RIVER
14,MICHAEL SUNDAY,MALE,ID,60,,CROSS,CROSS RIVER
15,OMARI FREDRICK EJE,MALE,JMPP,78,,CROSS,CROSS RIVER
16,MKPOSONG EKETE MKPOSONG,MALE,KP,33,,CROSS,CROSS RIVER
17,GODWIN DANIEL PASTOR,MALE,MAJA,49,,CROSS,CROSS RIVER
18,OFEM UBI OKA,MALE,MPN,109,,CROSS,CROSS RIVER
19,ARIT EDET AIKPONG,FEMALE,NAC,107,,CROSS,CROSS RIVER
20,NTAN EBAYE EKPA,MALE,NCP,"1,092",,CROSS,CROSS RIVER
,,,,,Declared,CROSS,CROSS RIVER
21,AYADE BENEDICT BENGIOUSUYE,MALE,PDP,"381,484",,CROSS,CROSS RIVER
,,,,,Elected,CROSS,CROSS RIVER
22,ALI PATRICK,MALE,PPA,305,,CROSS,CROSS RIVER
23,NTAMI NKANU ESEGE,MALE,PPN,124,,CROSS,CROSS RIVER
24,EYO EKPO O,MALE,SDP,"4,818",,CROSS,CROSS RIVER
25,UNDIE EMMANUEL UGBONG,MALE,YDP,345,,CROSS,CROSS RIVER
26,EZAMA CASTRO ADOGA,MALE,YPP,271,,CROSS,CROSS RIVER
1,ASHIKODI DAVID,MALE,A,"1,027",,DELTA,DELTA
2,BIDOKWU EMEKA,MALE,AA,98,,DELTA,DELTA
3,FRANK UFUOMA ESANOBI,MALE,AAC,914,,DELTA,DELTA
4,MONU-OLAREWAJU THEODORA CHIME,FEMALE,AAP,258,,DELTA,DELTA
5,COSMOS ANNABEL,FEMALE,ABP,92,,DELTA,DELTA
6,ODIBO GOLLY HANNAH ATATA,FEMALE,ACD,429,,DELTA,DELTA
7,ISAMADE PAUL,MALE,ACPN,162,,DELTA,DELTA
8,CHUKWU PRINCE JOE,MALE,ADC,"2,032",,DELTA,DELTA
9,MICHAEL EGOH,MALE,ADP,228,,DELTA,DELTA
10,BRANDO OMU,MALE,AGAP,275,,DELTA,DELTA
11,GREAT OVEDJE OGBORU,MALE,APC,"215,938",,DELTA,DELTA
12,ONOKITI HELEN,FEMALE,APDA,331,,DELTA,DELTA
13,AMAYE JOHN OGHENEMOHWO,MALE,APM,70,,DELTA,DELTA
14,EDOZIEN LEROY CHUMA,MALE,ASD,25,,DELTA,DELTA
15,UMUDJANE SYLVESTER OMONIGHO,MALE,BNPP,95,,DELTA,DELTA
16,OKOLUGBO GLORIA,FEMALE,CAP,30,,DELTA,DELTA
17,OBIODOGWU AUGUSTINE,MALE,DA,33,,DELTA,DELTA
18,RICHARD KIMEKU,MALE,DPP,"1,185",,DELTA,DELTA
19,ENWOSE WILLIAMS BN,MALE,FJP,180,,DELTA,DELTA
20,OSSAI EDWARD OLIE,MALE,GDPN,61,,DELTA,DELTA
21,ANTHONY MEJEBI CLARKE,MALE,GPN,29,,DELTA,DELTA
22,EJUMEDIA PRINCE SUNNY AZIAKPONA,MALE,HDP,224,,DELTA,DELTA
23,EMUAKPOJE PETERS ERHO,MALE,ID,31,,DELTA,DELTA
24,GODWIN MOJUME ASIKAWALI,MALE,JMPP,115,,DELTA,DELTA
25,ATAGBUZIA CHIBUEZE SIXTUS,MALE,KP,22,,DELTA,DELTA
26,EDWARD OKIYA,MALE,LP,411,,DELTA,DELTA
27,OKOTCHA ODINMA ERIC,MALE,MAJA,15,,DELTA,DELTA
28,ILLOH AWELE ONYISI,MALE,MPN,183,,DELTA,DELTA
29,OGHOTEVWO LUCKY OYOVWI,MALE,MRDD,25,,DELTA,DELTA
30,EFETOBOH PATRICIA,FEMALE,NAC,41,,DELTA,DELTA
31,ANYIRAODIAKAOSE NELLY,MALE,NCMP,25,,DELTA,DELTA
32,GORDSON KOROGHA ENHUBAREH,MALE,NCP,100,,DELTA,DELTA
33,ENDURANCE UDUBRAI EDDY,MALE,NDLP,21,,DELTA,DELTA
34,OBICHIE DAVID EGWEBUIKE,MALE,NFD,15,,DELTA,DELTA
35,EJIRO ODU TOLBERT,MALE,NIP,59,,DELTA,DELTA
36,GABRIEL MAMUZO,MALE,NPC,284,,DELTA,DELTA
37,AMERICA EMMANUEL OGHENEOCHUKU,MALE,NRM,110,,DELTA,DELTA
38,MOHAMMED OLUREMI JANE BATSONE,FEMALE,PDC,"1,001",,DELTA,DELTA
,,,,,Declared,DELTA,DELTA
39,IFEANYI ARTHUR OKOWA,MALE,PDP,"925,274",,DELTA,DELTA
,,,,,Elected,DELTA,DELTA
1,NNAJI MALACHY IGBOKE,MALE,A,122,,EBONYI,EBONYI
2,ORIE FRED CHUKWUDI,MALE,AA,45,,EBONYI,EBONYI
3,SPLENDOUR O. EZE,MALE,ACD,181,,EBONYI,EBONYI
4,EZEALI FELICIA C.,FEMALE,ACPN,103,,EBONYI,EBONYI
5,ONUMA CHIDI PAUL,MALE,AD,92,,EBONYI,EBONYI
6,UDEME SAMUEL EVO,MALE,ADC,429,,EBONYI,EBONYI
7,JOEL EJIMOFOR DAVID,MALE,ADP,500,,EBONYI,EBONYI
8,SUNDAY OJI OGBUOJI,MALE,APC,"81,703",,EBONYI,EBONYI
9,ELECHI OKO ELECHI,MALE,APP,284,,EBONYI,EBONYI
10,EZE OBASI JAMES,MALE,ASD,93,,EBONYI,EBONYI
11,CHUKWU SOLOMON,MALE,BNPP,474,,EBONYI,EBONYI
12,AGHA MAXWELL,MALE,CAP,30,,EBONYI,EBONYI
13,NNANNA CHUKWUDI,MALE,DA,41,,EBONYI,EBONYI
14,IGWE SAMUEL ORIE,MALE,DPC,51,,EBONYI,EBONYI
15,CHUKWU EJIOFOR VENATUS,MALE,DPP,75,,EBONYI,EBONYI
16,OKEMIRI ALEXANDER CHIKELUBA,MALE,FJP,54,,EBONYI,EBONYI
17,ONYIBA UCHE SAMUEL,MALE,GPN,30,,EBONYI,EBONYI
18,UDUMA -EZE GRACE,FEMALE,ID,12,,EBONYI,EBONYI
19,CLETUS OMIKO INYA,MALE,JMPP,32,,EBONYI,EBONYI
20,UGAMA AKPA NJOKU,MALE,KP,43,,EBONYI,EBONYI
21,NWOBEGU MOSES,MALE,LP,211,,EBONYI,EBONYI
22,OGBUEWU PERPETUAL C.,FEMALE,MAJA,114,,EBONYI,EBONYI
23,IKEH JOSEPH OBINNA,MALE,MPN,136,,EBONYI,EBONYI
24,ORLANDO NWEZE,MALE,NCP,119,,EBONYI,EBONYI
25,UCHENNA EZEKIEL IGWE,MALE,NFD,87,,EBONYI,EBONYI
26,AWOKE NWOBA VICTOR,MALE,NPC,180,,EBONYI,EBONYI
27,GOLD PASCHAL NWAIGWE,MALE,NRM,772,,EBONYI,EBONYI
28,OPOKE KELVIN O.,MALE,PDC,376,,EBONYI,EBONYI
,,,,,Declared,EBONYI,EBONYI
29,DAVID UMAHI NWEZE,MALE,PDP,"393,043",,EBONYI,EBONYI
,,,,,Elected,EBONYI,EBONYI
30,ALEXANDER EZEONU,MALE,PPN,681,,EBONYI,EBONYI
31,DAVID OMIKO ISU,MALE,PT,184,,EBONYI,EBONYI
32,NJOKU PAUL,MALE,RP,54,,EBONYI,EBONYI
33,CHIBUEZE NDUBUISI ONVE,MALE,SDP,"1,129",,EBONYI,EBONYI
34,AKPA VINCENT EZE,MALE,UDP,28,,EBONYI,EBONYI
35,IGBOTA SAMUEL AKUMA,MALE,UPN,41,,EBONYI,EBONYI
36,NWORIE PIUS INYA,MALE,UPP,175,,EBONYI,EBONYI
37,OBIAHU MICHAEL ABAGHA,MALE,ZLP,294,,EBONYI,EBONYI
1,CHIDI CADET NWANYANWU,MALE,AAC,260,,ENUGU,ENUGU
2,ANTHONIA NWOBODO NNEKA,FEMALE,ACD,62,,ENUGU,ENUGU
3,EZE CAJETAN,MALE,ADC,581,,ENUGU,ENUGU
4,NNAJI VICTOR IFEANYI,MALE,ADP,175,,ENUGU,ENUGU
5,OKECHUKWU SLYVANUS,MALE,AGA,76,,ENUGU,ENUGU
6,FRANKLIN EMEKA UGWU,MALE,ANDP,33,,ENUGU,ENUGU
7,OGBONNA JOSHUA JEKWU,MALE,ANP,57,,ENUGU,ENUGU
8,EGBO EMMANUEL MADUKA,MALE,APA,554,,ENUGU,ENUGU
9,,,APC,"10,423",,ENUGU,ENUGU
,NWANKPA EMMANUEL BENEDICT,,,,,ENUGU,ENUGU
10,,MALE,APGA,"2,547",,ENUGU,ENUGU
,EBELECHUKWU,,,,,ENUGU,ENUGU
11,ENEANI AKACHUKWU HENRY,MALE,APP,26,,ENUGU,ENUGU
12,EGBO ALEX CHIBUZO,MALE,ASD,22,,ENUGU,ENUGU
13,UGWU JOHN CHUKWUWEIKE,MALE,CAP,6,,ENUGU,ENUGU
14,ADJAI ROBINSON CHUKWUEMEKA,MALE,CC,30,,ENUGU,ENUGU
15,AMADI EUSEBIUS TOCHUKWU,MALE,DA,22,,ENUGU,ENUGU
16,CHRISTOPHER OGBU,MALE,DPC,21,,ENUGU,ENUGU
17,ANOZIE NNENNA MARY,FEMALE,FRESH,156,,ENUGU,ENUGU
18,CHUKWUKA IBEKWE CARLEY,MALE,GDPN,30,,ENUGU,ENUGU
19,ANI AFAMEFUNA SAMUEL,MALE,GPN,59,,ENUGU,ENUGU
20,OKOLO LOUIS UGWU,MALE,ID,194,,ENUGU,ENUGU
21,UGWU MARTINS CHIESOZIB,MALE,JMPP,36,,ENUGU,ENUGU
22,CHINEDU ANUCHE,MALE,KP,93,,ENUGU,ENUGU
23,GERALD ABONYI (ESQ),MALE,LP,61,,ENUGU,ENUGU
24,OSITA AGU,MALE,MMN,10,,ENUGU,ENUGU
25,IFEOMA NNOLI-UDEZE,FEMALE,MPN,54,,ENUGU,ENUGU
26,EDWIN EGBUABA NGENE,MALE,MRDD,7,,ENUGU,ENUGU
27,ORJI JIDE ABRAHAM,MALE,NAC,7,,ENUGU,ENUGU
28,ODUMEJEMBA CHINONYELUM VICGEAIAL,MALE,NCP,10,,ENUGU,ENUGU
29,OKONKWO CHIGOZIE AUGUSTINE,MALE,NEPP,48,,ENUGU,ENUGU
30,OZOEMENE MAUREEN ONWUNTA,FEMALE,NIP,53,,ENUGU,ENUGU
31,PRINCE ONYISHI SUNDAY CHUKWUEMEKA,MALE,NNPP,83,,ENUGU,ENUGU
32,UGWUANYI CELESTINA ANITA,FEMALE,NRM,145,,ENUGU,ENUGU
33,ONYEKA CHINEDU,MALE,NUP,463,,ENUGU,ENUGU
,,,,,Declared,ENUGU,ENUGU
34,IFEANYI LAWRENCE UGWUANYI,MALE,PDP,"449,935",,ENUGU,ENUGU
,,,,,Elected,ENUGU,ENUGU
35,OWOH CELESTINE CHUUKWUDI,MALE,PPC,271,,ENUGU,ENUGU
36,NNAMANI OBIOMA N,MALE,PPN,174,,ENUGU,ENUGU
37,NWEZE HYACINTH,MALE,RBNP,75,,ENUGU,ENUGU
1,S. BIKIMCHA AISHATU,FEMALE,A,62,,GOMBE,GOMBE
2,ALKALI VICTOR LAIMA,MALE,AAP,210,,GOMBE,GOMBE
3,JEREMIAH M. GADO,MALE,ABP,"9,241",,GOMBE,GOMBE
4,MOHAMMED INUWA MUSA,MALE,ACD,381,,GOMBE,GOMBE
5,ALHAJI KWARANGA M. MAGAJI,MALE,AD,257,,GOMBE,GOMBE
6,MUHAMMED ADAMU,MALE,ADC,883,,GOMBE,GOMBE
7,PAUL I. ANAWI,MALE,ADP,246,,GOMBE,GOMBE
8,MUHAMMAD AUWAL IBRAHIM,MALE,AGA,"1,080",,GOMBE,GOMBE
,,,,,Declared,GOMBE,GOMBE
9,MOHAMMED INUWA YAHAYA,MALE,APC,"364,179",,GOMBE,GOMBE
,,,,,Elected,GOMBE,GOMBE
10,ABDULLAHI UMAR MOHAMMED,MALE,APDA,634,,GOMBE,GOMBE
11,ALIYU ADAMU,MALE,ASD,917,,GOMBE,GOMBE
12,ABDULHAMID SADDIQ,MALE,BNPP,67,,GOMBE,GOMBE
13,HUSSAINI YUSUF,MALE,CAP,141,,GOMBE,GOMBE
14,USMAN ISA ADAMU,MALE,DA,54,,GOMBE,GOMBE
15,BELLO BALA,MALE,DPP,"1,032",,GOMBE,GOMBE
16,UMAR AL'AMIN ABUBAKAR,MALE,GDPN,106,,GOMBE,GOMBE
17,ABBAS USMAN,MALE,GPN,49,,GOMBE,GOMBE
18,UMAR ABDULLAHI ADAMU,MALE,HDP,44,,GOMBE,GOMBE
19,DANIEL GABAR MADDO,MALE,JMPP,259,,GOMBE,GOMBE
20,SAAH LAWAN,MALE,LP,225,,GOMBE,GOMBE
21,ISAH LAWAN,MALE,MMN,92,,GOMBE,GOMBE
22,BALA ALARAMMA,MALE,MPN,101,,GOMBE,GOMBE
23,ABDULLAHI SALE,MALE,NAC,138,,GOMBE,GOMBE
24,HASHIMU DAUDA,MALE,NCMP,188,,GOMBE,GOMBE
25,UMAR AHMED,MALE,NRM,136,,GOMBE,GOMBE
26,JUNGUDO ADAMU JUNGUDO,MALE,PDC,"1,720",,GOMBE,GOMBE
27,NAFADA USMAN BAYERO,MALE,PDP,"222,868",,GOMBE,GOMBE
28,ABDUL-GHANIY BELLO MUHAMMAD,MALE,PRP,847,,GOMBE,GOMBE
29,RUFAI AHMED ALKALI,MALE,SDP,"2,356",,GOMBE,GOMBE
30,DAVID MORONDIYA AIYE,MALE,UPN,169,,GOMBE,GOMBE
31,HARUNA YUSUF,MALE,YES,83,,GOMBE,GOMBE
32,MUHAMMAD GANA ALIYU,MALE,ZLP,81,,GOMBE,GOMBE
1,OHAKIM IKEDI GODSON,MALE,A,"6,846",,IMO,IMO
2,NWOSU UCHE,MALE,AA,"190,364",,IMO,IMO
3,OMEOGU-OGBUTA CHIDIEBERE,FEMALE,AAC,"1,628",,IMO,IMO
4,AGUOCHA CHIDIEBERE,MALE,AAP,"1,657",,IMO,IMO
5,JEFFREY CHINEDU UZOR,MALE,ABP,83,,IMO,IMO
6,FRIDAY ODINAKA EMEREONWU,MALE,ACD,204,,IMO,IMO
7,STEPHEN N. OHIRI,MALE,ACPN,242,,IMO,IMO
8,EDWIN CHIGOZIE UCHE,MALE,AD,397,,IMO,IMO
9,CHUKWU EJIKE LUCKY,MALE,ADC,738,,IMO,IMO
10,OBIOMA SUCCESS AKAGBURUONYE,MALE,ADP,413,,IMO,IMO
11,OLEHI NGOZI CHIDO,MALE,AGA,318,,IMO,IMO
12,OKONYA EDWARD CHUKWUKA,MALE,AGAP,"1,345",,IMO,IMO
13,EKEH NOSIKE COLLINS,MALE,ANDP,86,,IMO,IMO
14,PASCHAL EJIOGU,MALE,ANN,171,,IMO,IMO
15,EKWERIKE ALPHONSUS I.N,MALE,ANRP,981,,IMO,IMO
16,UZODINMA HOPE ODIDIKA,MALE,APC,"96,458",,IMO,IMO
17,NWOSU BRADY CHIJIOKE,MALE,APDA,"2,491",,IMO,IMO
18,ARARAUME IFEANYI GODWIN,MALE,APGA,"114,676",,IMO,IMO
19,EDOZIEM CLINTON CHIBUIKE,MALE,APM,688,,IMO,IMO
20,OPARAOCHA BRUNO CHIDIEBERE,MALE,APP,244,,IMO,IMO
21,MBA ANTHONY ONYEGBULA,MALE,ASD,183,,IMO,IMO
22,MBANEFO CHRIS EZUMA,MALE,AUN,55,,IMO,IMO
23,ABANNO BARNABAS CHIBUZOR,MALE,C4C,26,,IMO,IMO
24,IKENNA CHUKWUNENYE EMMANUEL,MALE,CAP,125,,IMO,IMO
25,CLIFFORD OKECHUKWU E.,MALE,DA,163,,IMO,IMO
26,IBE KYRIAN UCHENNA,MALE,DPC,798,,IMO,IMO
27,IBE MERCY ADAKU,FEMALE,DPP,271,,IMO,IMO
28,TONY ONYERUGBULEM,MALE,FJP,243,,IMO,IMO
29,OCHIAMA OTIBE EXCEL,MALE,FRESH,40,,IMO,IMO
30,BEN DIRIBE EBERECHUKWU,MALE,GDPN,112,,IMO,IMO
31,ONONOGBO EMEKA EMMANUEL,MALE,GPN,66,,IMO,IMO
32,IKE IBE C,MALE,ID,144,,IMO,IMO
33,CANICE CHUKWUEMEKA ASONYE,MALE,JMPP,30,,IMO,IMO
34,OKECHUKWU KINGSLEY OKOROAFOR,MALE,KP,45,,IMO,IMO
35,UKAEGBU JOSEPH IKECHUKWU,MALE,LP,"1,658",,IMO,IMO
36,OSUJI ALOYSIUS OSONDU,MALE,MAJA,570,,IMO,IMO
37,CHIGOZIE JERRY IHEANACHO,MALE,MMN,132,,IMO,IMO
38,ADRIAN CHIJIOKE ACHODO,MALE,MPN,59,,IMO,IMO
39,IKECHUKWU NWAOPARA,MALE,MRDD,24,,IMO,IMO
40,NWOKORIE DONALD C.,MALE,NAC,108,,IMO,IMO
1,ZAINAB MUHAMMAD ADAM,FEMALE,A,71,,JIGAWA,JIGAWA
2,ABASHE AHMED,MALE,ADC,147,,JIGAWA,JIGAWA
3,ISYAKU SABO,MALE,AGA,"1,019",,JIGAWA,JIGAWA
4,ABBAS S. MUJADDADI,MALE,ANN,848,,JIGAWA,JIGAWA
,,,,,Declared,JIGAWA,JIGAWA
5,MOHAMMED BADARU ABUBAKAR,MALE,APC,"810,933",,JIGAWA,JIGAWA
,,,,,Elected,JIGAWA,JIGAWA
6,MUSTAPHA MUHAMMED,MALE,DA,531,,JIGAWA,JIGAWA
7,MAMMAN ISAH KANI,MALE,DPC,176,,JIGAWA,JIGAWA
8,SALE MURTALA,MALE,JMPP,128,,JIGAWA,JIGAWA
9,DANLAMI HARUNA HADEJIA,MALE,KP,68,,JIGAWA,JIGAWA
10,RUDMAN ABDALLAH,MALE,MPN,147,,JIGAWA,JIGAWA
11,MURTALA MUSA,MALE,NCP,98,,JIGAWA,JIGAWA
12,HASSAN AMINU IBRAHIM,MALE,NRM,392,,JIGAWA,JIGAWA
13,AMINU IBRAHIM RINGIM,MALE,PDP,"288,356",,JIGAWA,JIGAWA
14,BABANGIDA GAMBO,MALE,PPC,"2,096",,JIGAWA,JIGAWA
15,IBRAHIM HARUNA,MALE,PPN,583,,JIGAWA,JIGAWA
16,AHMED ADAMU KAUGAMA,MALE,PRP,333,,JIGAWA,JIGAWA
17,BASHIR ADAMU,MALE,SDP,"32,894",,JIGAWA,JIGAWA
18,HASSAN AMINU UMAR,MALE,UPN,62,,JIGAWA,JIGAWA
19,ABDULLAHI SULEIMAN,MALE,YPP,172,,JIGAWA,JIGAWA
1,JAMILU MOHAMMAD,MALE,A,97,,KADUNA,KADUNA
2,ILIYASU AMINU MUSTAPHA,MALE,AA,32,,KADUNA,KADUNA
3,IBRAHIM SULEIMAN,MALE,ADC,"1,011",,KADUNA,KADUNA
4,METOH H. YAKUBU,MALE,AGA,324,,KADUNA,KADUNA
5,AMINU SABO,MALE,ANN,133,,KADUNA,KADUNA
6,OTHMAN MUSTAPHA BAKANO,MALE,APA,"1,987",,KADUNA,KADUNA
,,,,,Declared,KADUNA,KADUNA
7,NASIR AHMAD EL-RUFAI,MALE,APC,"1,045,427",,KADUNA,KADUNA
,,,,,Elected,KADUNA,KADUNA
8,DR POLYCAP DANLADI GANKON,MALE,APGA,"2,405",,KADUNA,KADUNA
9,SALIM MUHAMMAD,MALE,APP,162,,KADUNA,KADUNA
10,ABUBAKAR ALIYU,MALE,CAP,663,,KADUNA,KADUNA
11,UMAR SULEIMAN ABUBAKAR,MALE,DA,74,,KADUNA,KADUNA
12,ADAMU IDRIS CHADO,MALE,DPC,157,,KADUNA,KADUNA
13,AHMAD MUHAMMAD,MALE,GPN,238,,KADUNA,KADUNA
14,AHMAD RABIU BELLO,MALE,HDP,66,,KADUNA,KADUNA
15,MUHAMMED JIBRIN MUNTAKA,MALE,ID,58,,KADUNA,KADUNA
16,MUHAMMED UMAR,MALE,JMPP,14,,KADUNA,KADUNA
17,EZEKIEL HABILA,MALE,LM,36,,KADUNA,KADUNA
18,UMAR IBRAHIM FAROUK,MALE,LP,125,,KADUNA,KADUNA
19,SULEIMAN ABDULRASHEED,MALE,MMN,68,,KADUNA,KADUNA
20,MUHAMMAD KABIR UTHMAN,MALE,MPN,"1,533",,KADUNA,KADUNA
21,HALLIRU TAFIDA ABDULLAHI,MALE,MRDD,52,,KADUNA,KADUNA
22,SHIKA RABIATU SULAIMAN,FEMALE,NAC,88,,KADUNA,KADUNA
23,EMMANUEL PARAH BAKO,MALE,NCP,162,,KADUNA,KADUNA
24,MANSUR SULEIMAN,MALE,NEPP,121,,KADUNA,KADUNA
25,UMAR UBA,MALE,NIP,102,,KADUNA,KADUNA
26,SANI ABDULKADIR,MALE,NNPP,"2,025",,KADUNA,KADUNA
27,SOLOMON YAHAYA IKAGWU,MALE,NPC,449,,KADUNA,KADUNA
28,MUHAMMED ALIYU GALADIMA,MALE,NRM,"1,151",,KADUNA,KADUNA
29,ISA MOHAMMAD ASHIRU,MALE,PDP,"814,168",,KADUNA,KADUNA
30,KABIR AHMED JIBRIL,MALE,PPA,594,,KADUNA,KADUNA
31,SHEHU ABUBAKAR,MALE,PPN,147,,KADUNA,KADUNA
32,AHMAD TIJJANI OMAR,MALE,PRP,"5,626",,KADUNA,KADUNA
33,MUHAMMAD FATIMA BINTA,FEMALE,RP,86,,KADUNA,KADUNA
34,HARUNA YUNUSA SA'EED,MALE,SDP,"9,828",,KADUNA,KADUNA
35,ABDULLAHI AWWAL ALIYU,MALE,UDP,316,,KADUNA,KADUNA
36,YAHAYA ALHASSAN MARAFA,MALE,UPN,99,,KADUNA,KADUNA
37,YUSUF ABDULFATAI,MALE,WTPN,23,,KADUNA,KADUNA
38,ABUBAKAR ABDULLAHI,MALE,ZLP,67,,KADUNA,KADUNA
1,JAMILU ABBAS,MALE,A,136,,KANO,KANO
2,IDRIS ALIYU ZAKIRAI,MALE,AA,398,,KANO,KANO
3,BALARABE BELLO,MALE,ABP,57,,KANO,KANO
4,BELLO AHMED ALHAJI,MALE,ACD,168,,KANO,KANO
5,HAJIYA HALIMA A. AHMAD,FEMALE,AD,617,,KANO,KANO
6,MOHAMMED MUBARAK SALIUSU,MALE,ADC,394,,KANO,KANO
7,AHMED TIJANI AUWALU,MALE,AGA,289,,KANO,KANO
8,UMAR TIJJANI TSAKUWA,MALE,AGAP,102,,KANO,KANO
9,DAHIRU IDRIS TAMBURAWA,MALE,ANDP,202,,KANO,KANO
10,YUSUF JIBRIN OYOYO,MALE,ANP,266,,KANO,KANO
11,MUHAMMAD IBRAHIM,MALE,APA,"1,995",,KANO,KANO
,,,,,Declared,KANO,KANO
12,GANDUJE ABDULLAHI UMAR,MALE,APC,"1,033,695",,KANO,KANO
,,,,,Elected,KANO,KANO
13,ABACHA MOHAMMAD SANI,MALE,APDA,"3,025",,KANO,KANO
14,FAROUK BASHIR BABA,MALE,APM,166,,KANO,KANO
15,HARUNA DANYARO GAYA,MALE,APP,105,,KANO,KANO
16,ILIYASU ABDU,MALE,BNPP,62,,KANO,KANO
17,UMMA IBRAHIM ADHAMA,MALE,CAP,47,,KANO,KANO
18,HAMZA ADAMU NUHU,MALE,DA,49,,KANO,KANO
19,ABDULLAHI RAKAYYA M,FEMALE,DPC,69,,KANO,KANO
20,YAHAYA MUHD KYABO,MALE,FJP,86,,KANO,KANO
21,FURERA AHMAD YAKUBU,MALE,FRESH,34,,KANO,KANO
22,ALMAD HALLIRU SAWABA,MALE,GDPN,288,,KANO,KANO
23,ABDULSALAM SALEH ABDULKARIM,MALE,GPN,972,,KANO,KANO
24,USMAN G. NASIRU,MALE,HDP,"5,662",,KANO,KANO
25,MUHAMMAD AHMAD,MALE,ID,292,,KANO,KANO
26,GALI AUWALU SULE,MALE,JMPP,127,,KANO,KANO
27,HAMISU ABDULSALAM MAGAJI,MALE,KP,105,,KANO,KANO
28,MUHAMMED ABDULLAHI RAJI,MALE,LP,721,,KANO,KANO
29,MUHAMMED NASIR MUHTAR,MALE,LPN,325,,KANO,KANO
30,MUNNIR ZANGO,MALE,MMN,118,,KANO,KANO
31,LAWAN MUSA ABDULLAHI,MALE,MPN,665,,KANO,KANO
32,YUSUF AMINA GARBA,MALE,NAC,167,,KANO,KANO
33,ABDULLAHI JAMILU SALEH,MALE,NCP,87,,KANO,KANO
34,CHEDI YASIR AHMED,MALE,NDLP,117,,KANO,KANO
35,MUSA MARYAM,FEMALE,NEPP,84,,KANO,KANO
36,INUSA ZAKARI GAYA,MALE,NFD,47,,KANO,KANO
37,MUSTAPHA BALA GETSO,MALE,NPM,507,,KANO,KANO
38,MUHAMMED NURA SHEHU,MALE,NRM,63,,KANO,KANO
39,SAFIYYN SALISU ABDUL,FEMALE,NUP,166,,KANO,KANO
1,LABO SULEIMAN SHEHU,MALE,A,"2,287",,KATSINA,KATSINA
2,ABDULLAHI NUHU,MALE,ADC,"1,921",,KATSINA,KATSINA
,,,,,Declared,KATSINA,KATSINA
3,AMINU BELLO MASARI,MALE,APC,"1,178,864",,KATSINA,KATSINA
,,,,,Elected,KATSINA,KATSINA
4,NURADEEN UMAR,MALE,DA,880,,KATSINA,KATSINA
5,UMAR AHMED JIBRIL,MALE,GPN,209,,KATSINA,KATSINA
6,LAWAL ABUBAKAR BAGIWA,MALE,JMPP,99,,KATSINA,KATSINA
7,ABU-MUSAWA IBRAHIM,MALE,LP,129,,KATSINA,KATSINA
8,HABIBU LAWAL,MALE,MAJA,112,,KATSINA,KATSINA
9,NAZIRU ABDULLAHI,MALE,MMN,277,,KATSINA,KATSINA
10,MANNIR MOHAMMED SALISU,MALE,MPN,167,,KATSINA,KATSINA
11,ABDULMUMINI SHEHU SANI,MALE,NCP,434,,KATSINA,KATSINA
12,ABUBAKAR HALILU JIKAMSHI,MALE,NRM,"1,333",,KATSINA,KATSINA
13,GARBA YAKUBU LADO,MALE,PDP,"488,621",,KATSINA,KATSINA
14,SANI SANI B.K,MALE,PPN,684,,KATSINA,KATSINA
15,BASHIR IDRIS NADABO,MALE,PRP,"6,141",,KATSINA,KATSINA
16,DAHIRU MU'AZU R/DADI,MALE,SDP,499,,KATSINA,KATSINA
17,NASIRU YAU'YAMEL,MALE,UPC,207,,KATSINA,KATSINA
18,NUHU ABDULLAHI,MALE,YES,181,,KATSINA,KATSINA
1,ABDULLAHI MOHD SANI,MALE,A,71,,KEBBI,KEBBI
2,ZAKI BILYAMINU D.,MALE,AA,54,,KEBBI,KEBBI
3,ABUBAKAR ALKALI KASIMU,MALE,ACD,142,,KEBBI,KEBBI
4,ISA UMAR,MALE,ACPN,105,,KEBBI,KEBBI
5,KAMILU MUSA,MALE,AD,95,,KEBBI,KEBBI
6,YAKUBU MAGASI ALLU,MALE,ADC,251,,KEBBI,KEBBI
7,MUSTAPHA HASSAN YAURI,MALE,ANRP,174,,KEBBI,KEBBI
8,SHARIA MAIDAWA,MALE,APA,"1,135",,KEBBI,KEBBI
,,,,,Declared,KEBBI,KEBBI
9,ABUBAKAR ATIKU BAGUDU,MALE,APC,"673,717",,KEBBI,KEBBI
,,,,,Elected,KEBBI,KEBBI
10,SAIDU AHMED,MALE,APGA,857,,KEBBI,KEBBI
11,IBRAHIM MUHAMMED G,MALE,CAP,90,,KEBBI,KEBBI
12,YAHAYA UMAR KARDI,MALE,DA,138,,KEBBI,KEBBI
13,ADAMU ABUBAKAR,MALE,DPC,123,,KEBBI,KEBBI
14,MUHAMMED ASIYA KANYA,FEMALE,DPP,198,,KEBBI,KEBBI
15,ABDULLAHI SHUABU SABONKUDI,MALE,FRESH,59,,KEBBI,KEBBI
16,ABUBAKAR MOHD KOLA,MALE,GPN,41,,KEBBI,KEBBI
17,GARBA KABIRU,MALE,HDP,57,,KEBBI,KEBBI
18,ABUBAKAR USMAN,MALE,JMPP,64,,KEBBI,KEBBI
19,SAHABI UMAR BK,MALE,KP,99,,KEBBI,KEBBI
20,IBRAHIM ALKALI,MALE,MAJA,123,,KEBBI,KEBBI
21,BIYAMINU GARBA,MALE,MPN,150,,KEBBI,KEBBI
22,USMAN ALIYU KAOJE,MALE,NCP,160,,KEBBI,KEBBI
23,NASIRU UMAR GWANDU,MALE,NRM,306,,KEBBI,KEBBI
24,,,PDM,0,,KEBBI,KEBBI
25,ISA MOHAMMED GALAUDU,MALE,PDP,"106,633",,KEBBI,KEBBI
26,MUKTAR HARUNA,MALE,PPA,695,,KEBBI,KEBBI
27,HASSAN BANDI,MALE,PPN,222,,KEBBI,KEBBI
28,KABIRU UMAR,MALE,RP,85,,KEBBI,KEBBI
29,NASIRU MUHAMMAD KAOJE,MALE,SDP,"7,444",,KEBBI,KEBBI
30,ABDULRASHEED DAUDA,MALE,SNP,83,,KEBBI,KEBBI
31,GARBA USMAN,MALE,YDP,20,,KEBBI,KEBBI
32,MUHAMMED SANI LANI,MALE,YPP,43,,KEBBI,KEBBI
1,AYORINDE O. ADEDOYIN,MALE,A,860,,KWARA,KWARA
2,ADISA ISMAIL ABAYOMI,MALE,AA,378,,KWARA,KWARA
3,AINA AYODEJI ADETUNJI,MALE,ABP,83,,KWARA,KWARA
4,TUNDE MURITALA O.,MALE,ACPN,272,,KWARA,KWARA
5,MANZUMA ISSA,MALE,ADC,391,,KWARA,KWARA
6,ONIYE SHINA HAMMED,MALE,ADP,179,,KWARA,KWARA
7,MOHAMMAD LIMAN ABDULLAHI,MALE,ANP,134,,KWARA,KWARA
8,ABDULMUMIN YINKA AJIA,MALE,ANRP,115,,KWARA,KWARA
9,SHARAFADEEN A. KOLAWOLE ADEREMMY,MALE,APA,"1,163",,KWARA,KWARA
,,,,,Declared,KWARA,KWARA
10,ABDULRAHAM ABBULRAZAQ,MALE,APC,"331,546",,KWARA,KWARA
,,,,,Elected,KWARA,KWARA
11,MOHAMMED ABUBAKAR MOHAMMED,MALE,APN,293,,KWARA,KWARA
12,BABATUNDE OMOTOSHO TAYO,MALE,BNPP,34,,KWARA,KWARA
13,ADEKUNLE KEHINDE,MALE,CAP,40,,KWARA,KWARA
14,ABDULLAHI MOHAMMED,MALE,DA,28,,KWARA,KWARA
15,OMOTOSHO BAMIDELE OLAITAN,MALE,GPN,21,,KWARA,KWARA
16,BELGORE AHMAD KAWU,MALE,JMPP,105,,KWARA,KWARA
17,ALABI MORANKINYO,MALE,KP,48,,KWARA,KWARA
18,ISSA AREMU OBALOWU,MALE,LP,45,,KWARA,KWARA
19,YAHAYA KALE SA√ÅDU,MALE,MAJA,57,,KWARA,KWARA
20,RUKAYAT TOYIN TIJANI,FEMALE,MPN,53,,KWARA,KWARA
21,IBRAHIM ADBULLAHI ANIFOWOSHE,MALE,MRDD,86,,KWARA,KWARA
22,AYINLA JOHN OLORUNTOBA,MALE,NCP,74,,KWARA,KWARA
23,TOSHO BABATUNDE OMOTOSHO A.,MALE,NEPP,108,,KWARA,KWARA
24,ABDULAZEEZ YINKA ONIYANGI,MALE,NPM,148,,KWARA,KWARA
25,POPOOLA KEHINDE ADEYEMI,MALE,NRM,74,,KWARA,KWARA
26,ARANSIOLA EZEKIEL,MALE,PDC,432,,KWARA,KWARA
27,RAZAK ATUNWA,MALE,PDP,"114,754",,KWARA,KWARA
28,TIAMIYU KOLAPO KAMORU- DEEN,MALE,PPA,"1,482",,KWARA,KWARA
29,PAUL AJIROBA,MALE,PPN,67,,KWARA,KWARA
30,OLAJIDE JOSEPH ADEBOLA,MALE,SDP,209,,KWARA,KWARA
31,OYABAMBI ADETUNJI,MALE,UDP,40,,KWARA,KWARA
32,SOLADOYE SAMUEL SUNDAY,MALE,UPN,61,,KWARA,KWARA
33,COMFORT YINKA KAYODE,MALE,UPP,24,,KWARA,KWARA
34,OSHIN  BAYO DAVID ALABA,MALE,WTPN,15,,KWARA,KWARA
35,BADA ABULLAHI YEKINI,MALE,YDP,14,,KWARA,KWARA
1,JOSEPH OLA BECKLEY,MALE,A,"4,122",,LAGOS,LAGOS
2,OLUWASEUN OLADIMEJI AJIRELOJA,MALE,AAC,"1,078",,LAGOS,LAGOS
3,SESI MICHEAL IDOWU,MALE,ABP,511,,LAGOS,LAGOS
4,TEMITAYO ONILEWO OLATUNJI,MALE,ACD,917,,LAGOS,LAGOS
5,SALIS OWOLABI,MALE,AD,"3,370",,LAGOS,LAGOS
6,OLUMUYIWA FAFOWORA,MALE,ADC,"3,544",,LAGOS,LAGOS
7,BABATUNDE OLALERE GBADAMOSI,MALE,ADP,"4,780",,LAGOS,LAGOS
8,BALOGUN OPEYEMI,MALE,AGA,207,,LAGOS,LAGOS
9,ADEWALE SAMSON,MALE,AGAP,83,,LAGOS,LAGOS
10,MUSA MUJAIRU OLUWASEGUN,MALE,ANDP,140,,LAGOS,LAGOS
11,ADEBAYO FRANCIS ADEWALE,MALE,ANN,389,,LAGOS,LAGOS
12,LAWRENCE ADENIYI OLADIPUPO JOHNSON,MALE,ANP,359,,LAGOS,LAGOS
13,ABDRAHEEM ASISAT OMOWUNMI,MALE,APA,"1,906",,LAGOS,LAGOS
14,BABAJIDE OLUSOLA SANWOLU,MALE,APC,"739,445",ELECTED,LAGOS,LAGOS
15,OWASANOYE FELIX AYOKUNLE,MALE,APDA,642,,LAGOS,LAGOS
16,PATIENCE BOLADE OMEEBERE,FEMALE,APM,194,,LAGOS,LAGOS
17,LEE BARBARA BABATUNDE,MALE,ASD,187,,LAGOS,LAGOS
18,ADEYEMI DAUDA,MALE,CAP,237,,LAGOS,LAGOS
19,AFANGIDEH UDUAK ARCHIBONG,MALE,DA,111,,LAGOS,LAGOS
20,ADEYEMI ABIOLA,FEMALE,DPC,211,,LAGOS,LAGOS
21,WILLIE IKA WILLIE,MALE,DPP,555,,LAGOS,LAGOS
22,JOSEPH ADEGBOYEGA OGEBULE,MALE,FJP,113,,LAGOS,LAGOS
23,ORJI KEHINDE SOLOMON,MALE,GPN,49,,LAGOS,LAGOS
24,ABIOLA TAIWO ADEKUNLE,MALE,ID,61,,LAGOS,LAGOS
25,OLORUNGBOHUNMI IFEDAYO MOSES,MALE,JMPP,42,,LAGOS,LAGOS
26,IFAGBEMI AWAMARDI,MALE,LP,392,,LAGOS,LAGOS
27,ISHOLA ATOYEBI AREGBESOLA,MALE,MAJA,36,,LAGOS,LAGOS
28,OKUNTILU MOSES OLUGBENGA,MALE,MMN,52,,LAGOS,LAGOS
29,AIYEOLA BABATUNDE OLUMUYIWA,MALE,MPN,769,,LAGOS,LAGOS
30,ODUDIRAN SAMUEL ADESOLA,MALE,NCMP,60,,LAGOS,LAGOS
31,OLUFUNSO AWE,MALE,NCP,712,,LAGOS,LAGOS
32,BELLO AKINTOLA PAUL,MALE,NPC,"1,886",,LAGOS,LAGOS
33,JIMI AGBAJE,MALE,PDP,"206,141",,LAGOS,LAGOS
34,ADEGBE PAULINE OJO - CHIDE,FEMALE,PPA,548,,LAGOS,LAGOS
35,OMOLARA A ADESANYA,FEMALE,PPC,617,,LAGOS,LAGOS
36,VICTOR ADEGBOYEGA ADENJI,MALE,PPN,234,,LAGOS,LAGOS
37,SARUMI ALADAPO B.,MALE,PRP,153,,LAGOS,LAGOS
38,OGUNBAMBI ABIODUN OLUWATOYIN,FEMALE,PT,120,,LAGOS,LAGOS
39,OLATEJU YAKUB ALABI OLANREWAJU,MALE,RBNP,73,,LAGOS,LAGOS
1,OMBUGADU VICTOR,MALE,ACD,97,,NASARAWA,NASARAWA
2,ZAGGI RABO ZAKKA,MALE,ADC,"1,319",,NASARAWA,NASARAWA
3,SULEIMAN UMARU AJAJA,MALE,ADP,"1,355",,NASARAWA,NASARAWA
4,ABIMIKU ANTHONY KUKUMAH,MALE,AGA,526,,NASARAWA,NASARAWA
,,,,,Declared,NASARAWA,NASARAWA
5,AUDU ALHAJI SULE,MALE,APC,"327,229",,NASARAWA,NASARAWA
,,,,,Elected,NASARAWA,NASARAWA
6,LABARAN MAKU,MALE,APGA,"132,784",,NASARAWA,NASARAWA
7,MUSTAPHA MOHAMMED ALFA,MALE,APM,773,,NASARAWA,NASARAWA
8,ABA JOSEPH R.,MALE,ASD,28,,NASARAWA,NASARAWA
9,THEOHILUS GYADO MADAKI,MALE,CAP,16,,NASARAWA,NASARAWA
10,KHALID SHUAIBU MAIRIGA,MALE,DA,7,,NASARAWA,NASARAWA
11,ISMAILA TAOFIQ,MALE,DPC,38,,NASARAWA,NASARAWA
12,MUHAMMAD NAZIR ADAMU,MALE,GPN,12,,NASARAWA,NASARAWA
13,HARUNA ILIYASU SHAUAIBU,MALE,ID,79,,NASARAWA,NASARAWA
14,ANJUGU ABIMKU MOSES,MALE,JMPP,82,,NASARAWA,NASARAWA
15,MOHAMMED AWWAL SULEIMAN,MALE,KP,49,,NASARAWA,NASARAWA
16,CERRONE DOKO WAZIRI,MALE,MAJA,12,,NASARAWA,NASARAWA
17,PETER HELEN,FEMALE,MMN,38,,NASARAWA,NASARAWA
18,BAKO AHMED,MALE,NCMP,33,,NASARAWA,NASARAWA
19,ALIYU DANJUMA DOGARA,MALE,NFD,258,,NASARAWA,NASARAWA
20,DAVID EMMANUEL OMBUGADU,MALE,PDP,"184,281",,NASARAWA,NASARAWA
21,TANKO MALAM,MALE,PPA,679,,NASARAWA,NASARAWA
22,SALE YAHAYA ALAJI,MALE,PPC,85,,NASARAWA,NASARAWA
23,MOHAMMED AHMADU ADAMU,MALE,PPN,186,,NASARAWA,NASARAWA
24,MUHAMMAD KABIR ABUBAKAR,MALE,PRP,12,,NASARAWA,NASARAWA
25,NYAM MARK MAIDA,MALE,PT,46,,NASARAWA,NASARAWA
26,MATHEW AVRE OMBUGAKU,MALE,RBNP,72,,NASARAWA,NASARAWA
27,ISHAQ AHMED KANA,MALE,SDP,"7,442",,NASARAWA,NASARAWA
28,KRENI DANJU MANTANI,MALE,YPP,33,,NASARAWA,NASARAWA
29,DOMA UMARU ALIYU,MALE,ZLP,"13,308",,NASARAWA,NASARAWA
1,BAWA BWARI BELLO,MALE,ACD,"14,230",,NIGER,NIGER
2,MUSA IBRAHIM,MALE,ACPN,137,,NIGER,NIGER
3,MANI IBRAIM AHMAD,MALE,ADC,"1,434",,NIGER,NIGER
4,MOHAMMED KAWU ISAH BABANNA,MALE,ADP,"36,015",,NIGER,NIGER
5,SHARUF ADAM YAKUB,MALE,AGA,"2,422",,NIGER,NIGER
6,TSOHO LAWAL,MALE,APA,902,,NIGER,NIGER
,,,,,Declared,NIGER,NIGER
7,SANI ABUBAKAR BELLO,MALE,APC,"526,412",,NIGER,NIGER
,,,,,Elected,NIGER,NIGER
8,JOSHUA NUHU BAWA,MALE,APGA,"4,680",,NIGER,NIGER
9,YAHAYA SHUAIBU,MALE,APP,153,,NIGER,NIGER
10,ABDURRAHAMAN MUSTAPHA,MALE,BNPP,188,,NIGER,NIGER
11,AISHATU MAHMUD,FEMALE,CAP,57,,NIGER,NIGER
12,BAWA SALEH,MALE,DA,84,,NIGER,NIGER
13,MUSA ABUBAKAR MOHAMMED,MALE,FJP,76,,NIGER,NIGER
14,ISAH MOHAMMED BELLO,MALE,GPN,53,,NIGER,NIGER
15,HUSSAINI MANUGA,MALE,JMPP,56,,NIGER,NIGER
16,USMAN MUHAMMED,MALE,KP,188,,NIGER,NIGER
17,ABDULSALAM AISHA,FEMALE,LP,988,,NIGER,NIGER
18,MUSTAPH ALIYU WUSHISHI,MALE,LPN,"5,457",,NIGER,NIGER
19,SHITTU SAEED AHMED,MALE,MPN,181,,NIGER,NIGER
20,MUSA ABDULAHI BABAKATUN,MALE,NCMP,308,,NIGER,NIGER
21,ABDULAZEEZ SALAUDEEN OYENIYI,MALE,NCP,155,,NIGER,NIGER
22,ABDULLAHI DANTANI,MALE,NNPP,256,,NIGER,NIGER
23,HASSAN MOHAMMED SHAABA,MALE,NRM,"2,526",,NIGER,NIGER
24,UMAR MOHAMMED NASKO,MALE,PDP,"298,065",,NIGER,NIGER
25,UMARU NASIRU ALBANI,MALE,PPC,553,,NIGER,NIGER
26,IBRAHIM MUSA,MALE,PPN,"2,333",,NIGER,NIGER
27,YAHAYA DANBABA DAUDA,MALE,PRP,"1,000",,NIGER,NIGER
28,MAHMOOD DANJUMA YUSUF SANNI,MALE,SDP,"1,699",,NIGER,NIGER
29,YUSUF AYUBA ANEKAN,MALE,UDP,101,,NIGER,NIGER
30,COMRADE MOHAMMED AUDU,MALE,WTPN,39,,NIGER,NIGER
31,UMAR AWWAL,MALE,ZLP,123,,NIGER,NIGER
1,TOPE TOKOYA,MALE,A,"1,695",,OGUN,OGUN
2,OTASANYA FOLAKE ENIOLA,FEMALE,AAC,"1,469",,OGUN,OGUN
3,ADEGBOLA JOHN OLUMUYIWA,MALE,AAP,746,,OGUN,OGUN
4,ABIADE STEPHEN,MALE,ACD,"2,629",,OGUN,OGUN
5,OLUFADE G. OLUSEYI,MALE,AD,"1,378",,OGUN,OGUN
6,ISIAKA NASIR ADEGBOYEGA,MALE,ADC,"110,422",,OGUN,OGUN
7,OLADIMEJI BANKOLE,MALE,ADP,"9,666",,OGUN,OGUN
8,OLAYEMI OLAWALE OLUBUNMI,MALE,AGA,813,,OGUN,OGUN
9,OGUNBAJO ADEMOLA OLALEKAN,MALE,ANN,710,,OGUN,OGUN
10,ADEWOLE OMONIYI,MALE,ANRP,958,,OGUN,OGUN
,,,,,Declared,OGUN,OGUN
11,ADEDAPO ABIODUN,MALE,APC,"241,670",,OGUN,OGUN
,,,,,Elected,OGUN,OGUN
12,AKINLADE ADEKUNLE ABDULKABIR,MALE,APM,"222,153",,OGUN,OGUN
13,OLOMU OLUFEMI AKINWUMI,MALE,ASD,235,,OGUN,OGUN
14,OLUSEGUN MATTHEW OLUFEMI,MALE,BNPP,345,,OGUN,OGUN
15,SEGUN TAIWO O,MALE,CAP,150,,OGUN,OGUN
16,BELLO AKEEM ALABI,MALE,CC,81,,OGUN,OGUN
17,SANYAOLU ABAYOMI OMOLAJA,MALE,DA,753,,OGUN,OGUN
18,ODEJIDE JIMOH ADIO,MALE,DPC,464,,OGUN,OGUN
19,KUNLE SAMSON ELEGBEDE,MALE,DPP,732,,OGUN,OGUN
20,OKUMOYE EMMANUEL TANDO,MALE,FJP,400,,OGUN,OGUN
21,ONIFADE OLUFEMI JOHN,MALE,FRESH,161,,OGUN,OGUN
22,OTUNBA ABAYOMI ODUNOWO,MALE,GPN,242,,OGUN,OGUN
23,ADEBAYO MOSURU,MALE,ID,159,,OGUN,OGUN
24,OYEFESO BLESSING FLEXBANIEL ISMAIL,MALE,JMPP,191,,OGUN,OGUN
25,ODUNTAN DAVID ADEGBITE,MALE,KP,552,,OGUN,OGUN
26,NURUDEEN O. ADEKUNLE,MALE,MPN,628,,OGUN,OGUN
27,ADEFIOYE KOLAWOLE HAMMED,MALE,NCP,430,,OGUN,OGUN
28,BURUJI KASHAMU,MALE,PDP,"70,290",,OGUN,OGUN
29,OGUNBIYI KEHINDE BOLANLE,MALE,PPA,"1,133",,OGUN,OGUN
30,ADETOLA RASAQ OLUSEGUN,MALE,PPC,616,,OGUN,OGUN
31,AKINBORO OLASUNKANMI OLUWOLE,MALE,PPN,"1,149",,OGUN,OGUN
32,ALANI ADESINA ABRAHAM,MALE,PPP,671,,OGUN,OGUN
33,LANRE BANJO,MALE,PT,368,,OGUN,OGUN
34,ABIODUN TAIWO ONABANJO,MALE,RBNP,602,,OGUN,OGUN
,OLATUNDE ROTIMI VICTOR ANTHONY,,,,,OGUN,OGUN
35,,MALE,SDP,"1,483",,OGUN,OGUN
,PESEDA,,,,,OGUN,OGUN
36,ADUNNI JACKIE KASSIM,MALE,UDP,384,,OGUN,OGUN
37,MICHAEL OLUFEMI ADEEKO,MALE,UPN,861,,OGUN,OGUN
38,OLUFEMI FALANA,MALE,UPP,515,,OGUN,OGUN
1,SAHEED ADEGBOYEGA AJADI,MALE,A,"1,514",,OYO,OYO
2,AKINWALE BABATUNDE LAOSUN,MALE,AAC,814,,OYO,OYO
3,VICTOR - TADE ADENIKE MORENIKE,MALE,AAP,574,,OYO,OYO
4,OKEMAKINDE RAMOTA FUMILAYO,FEMALE,ABP,182,,OYO,OYO
5,AKANDE TAIWO RISIKAT,FEMALE,ACD,780,,OYO,OYO
6,ALAO OYEDELEH OYEBODE,MALE,AD,"1,425",,OYO,OYO
7,OLUFEMI AKINOLA LANLEHIN,MALE,ADC,"12,375",,OYO,OYO
,OTUNBA CHRISTOPHER ADEBAYO ALAO,,,,,OYO,OYO
8,,MALE,ADP,"8,664",,OYO,OYO
,AKALA,,,,,OYO,OYO
9,DAVID OLUWAFEMI OKUNLOLA,MALE,AGA,564,,OYO,OYO
10,OLABODE AYODELE JOHNSON,MALE,ANN,169,,OYO,OYO
11,OLALEKAN OLADOTUN AYORINDE,MALE,ANRP,663,,OYO,OYO
12,TOLULOPE ADEYEYE ADEDOYIN,MALE,APA,"1,007",,OYO,OYO
13,ADELABU ADEBAYO ADEKOLA,MALE,APC,"357,982",,OYO,OYO
14,OLADDUNNI ARIYO OLAITAN,MALE,BNPP,205,,OYO,OYO
15,OMOTOSHO PAUL ADEBOYE,MALE,C4C,96,,OYO,OYO
16,MAYORESS ABIODUN OLAYINKA O,MALE,CAP,46,,OYO,OYO
17,ALHAJI ADEGBOYEGA A. ADEEU,MALE,DA,192,,OYO,OYO
18,BABARINDE OYE ADEMOLA,MALE,DPC,230,,OYO,OYO
19,OMOBOSOLA OWOLABI GOLOHOR,FEMALE,DPP,"1,401",,OYO,OYO
20,OLUWOLE LADIPO,MALE,GDPN,152,,OYO,OYO
21,AKINBOYE TIJANI ISMAILA,MALE,HDP,926,,OYO,OYO
22,OLADAPO WASIU ATILOLA,MALE,ID,153,,OYO,OYO
23,PAUL OLUSEYE SMITH,MALE,JMPP,72,,OYO,OYO
24,OLAIDE OLAYINOLA,MALE,KP,46,,OYO,OYO
25,OLATUNJI ADIGUN SADIQ,MALE,LP,336,,OYO,OYO
26,ADEROJU ISMAIL BALOGUN,MALE,MAJA,75,,OYO,OYO
27,OJO OLAYINKA KAYODE,MALE,MPN,602,,OYO,OYO
28,MOGAJI MASHOOD ODELALU,MALE,NAC,98,,OYO,OYO
29,OLOYADE AYOBAMI MICHAEL,MALE,NCP,135,,OYO,OYO
30,AYOADE BELAWU ADEBOLA,MALE,NEPP,267,,OYO,OYO
31,SARUMI - ALIYU ASHABI BOLANLE,FEMALE,NIP,382,,OYO,OYO
32,EDWARD OLUFEYISANYO LADOYE,MALE,NPM,206,,OYO,OYO
33,YINUSA KAZEEM AYANDOYE,MALE,NRM,316,,OYO,OYO
34,AKINDE AKIN S,MALE,PDC,"1,759",,OYO,OYO
,,,,,Declared,OYO,OYO
35,OLUSEYI MAKINDE,MALE,PDP,"515,621",,OYO,OYO
,,,,,Elected,OYO,OYO
36,TAIWO OBIYEMI OTEGBEYE,MALE,PPC,"1,025",,OYO,OYO
37,GBADAMOSI BASIRU ALAGBE,MALE,PPN,243,,OYO,OYO
38,MOBOLAJI AYORINDE,MALE,SDP,660,,OYO,OYO
1,SAMUEL DANAUTA KYARSHIK,MALE,ABP,"1,071",,PLATEAU,PLATEAU
2,DAWAH YOHANNA D.,MALE,AD,229,,PLATEAU,PLATEAU
3,MUSA BITRUS JOSEPH,MALE,ADC,"1,627",,PLATEAU,PLATEAU
4,JONATHAN N. TEMLONG,MALE,ADP,"4,670",,PLATEAU,PLATEAU
5,ALEX LADAN,MALE,ANN,"2,273",,PLATEAU,PLATEAU
,,,,,Declared,PLATEAU,PLATEAU
6,SIMON BAKO LALONG,MALE,APC,"595,582",,PLATEAU,PLATEAU
,,,,,Elected,PLATEAU,PLATEAU
7,TIMOTHY BABA PARLONG,MALE,APGA,394,,PLATEAU,PLATEAU
8,AZENDA ONEV JOSEPH,MALE,CAP,31,,PLATEAU,PLATEAU
9,YOHANA YILPWAN DYELLKOP,MALE,DA,61,,PLATEAU,PLATEAU
10,USMAN ZAKARIAH BITRUS,MALE,DPC,101,,PLATEAU,PLATEAU
11,BULUS MUSA KEWA,MALE,FRESH,179,,PLATEAU,PLATEAU
12,JOHN JATAU BIGWAN,MALE,GPN,428,,PLATEAU,PLATEAU
13,APATAK REUBEN ABOH,MALE,JMPP,120,,PLATEAU,PLATEAU
14,NURA TANKO,MALE,LP,178,,PLATEAU,PLATEAU
15,MELCHOIR M. GOWON,MALE,MPN,233,,PLATEAU,PLATEAU
16,JAMES HOMITHAN VICTOR,MALE,NRM,538,,PLATEAU,PLATEAU
17,DAJAGHAS MOHAMMED U. I,MALE,PDC,"1,317",,PLATEAU,PLATEAU
18,JEREMIAH TIMBUT USENI,MALE,PDP,"546,813",,PLATEAU,PLATEAU
19,HARUNA KHITWE DABIN,MALE,PPC,"1,461",,PLATEAU,PLATEAU
20,MANGAI JERRY ISHAYA,MALE,PPN,115,,PLATEAU,PLATEAU
21,DADIHITLER FRANKUN,MALE,PT,63,,PLATEAU,PLATEAU
22,GODFREY S. O MIRI,MALE,SDP,"2,382",,PLATEAU,PLATEAU
23,JERRY MABWEH MOLTOK,MALE,UPC,34,,PLATEAU,PLATEAU
24,ISA ARZUKA JEGA,MALE,UPP,54,,PLATEAU,PLATEAU
1,,MALE,A,"13,337",,RIVERS,RIVERS
2,ALLISON LARRY TAMUNO TONYE,MALE,AA,"2,314",,RIVERS,RIVERS
3,AWARA BIOKPOMABO FESTUS,MALE,AAC,"173,859",,RIVERS,RIVERS
4,WOKEKORO DIKE,MALE,AAP,"1,004",,RIVERS,RIVERS
5,PRINCE KALLADA ALISON,MALE,ABP,156,,RIVERS,RIVERS
6,ECHEZOLAM NWEKE,MALE,ACD,"1,166",,RIVERS,RIVERS
7,CHINEMIKE ORGWU MILLER,MALE,ACPN,554,,RIVERS,RIVERS
8,ICHENWO UCHECHUKWU,MALE,AD,341,,RIVERS,RIVERS
9,BRAIDE ENIYEM,MALE,ADC,"2,409",,RIVERS,RIVERS
10,VICTOR TAMIE FINGESI,MALE,ADP,"1,860",,RIVERS,RIVERS
11,INYE DOKUBO O.,FEMALE,AGAP,364,,RIVERS,RIVERS
12,KEMKA STANLEY ELENWO,MALE,ANDP,175,,RIVERS,RIVERS
13,CORNELIUS NGEDO,MALE,ANP,84,,RIVERS,RIVERS
14,NAPOLEON MARU CHIBUZOR,MALE,APA,146,,RIVERS,RIVERS
15,ZEBULUN WARIGBANI EZEKIEL,MALE,APDA,"1,421",,RIVERS,RIVERS
16,OHIA PRINCE OBI,MALE,APGA,949,,RIVERS,RIVERS
17,KUKAWG BARINE KEN,MALE,APM,158,,RIVERS,RIVERS
18,LESSI GABRIEL GBOROGBOSI,MALE,APP,429,,RIVERS,RIVERS
19,DEEKAE RICHARD KIADUM,MALE,ASD,225,,RIVERS,RIVERS
20,BROWN REBECCA,FEMALE,BNPP,128,,RIVERS,RIVERS
21,EMESIOBI ELVIS MOSES,MALE,CAP,83,,RIVERS,RIVERS
22,NWANZE OGBOGU MICHAEL,MALE,CC,113,,RIVERS,RIVERS
23,YELLOWE IPALIBO HORATIO,MALE,CNP,319,,RIVERS,RIVERS
24,OBRASUA JOHNBULL,MALE,DA,73,,RIVERS,RIVERS
25,ACHIRA UKACHUKWU U.,MALE,DPC,452,,RIVERS,RIVERS
26,EMMANUEL NWABRIJE,MALE,DPP,231,,RIVERS,RIVERS
27,CHUKWULADI AHIAKWO,MALE,FJP,164,,RIVERS,RIVERS
28,ALASO AKPANA YOUNG,MALE,GPN,396,,RIVERS,RIVERS
29,CHINWEIKE ELEM,MALE,HDP,151,,RIVERS,RIVERS
30,IHUNWO SAMUEL NKEMIKA,MALE,ID,226,,RIVERS,RIVERS
31,EZEKIEL AYENWEGWE,MALE,JMPP,47,,RIVERS,RIVERS
32,IGBANIBO PRINCE BELE,MALE,KP,128,,RIVERS,RIVERS
33,WONWU ISAAC,MALE,LP,"2,690",,RIVERS,RIVERS
34,SAMSON LEADER S,MALE,LPN,138,,RIVERS,RIVERS
35,UCHEGBU CHARLES CHIMELE,MALE,MAJA,103,,RIVERS,RIVERS
36,IKEJI CHIKWERI,MALE,MMN,142,,RIVERS,RIVERS
37,JOSEPH T. PRINCEWELL,MALE,MPN,122,,RIVERS,RIVERS
38,ENEFAA O.W. AMACHREE,MALE,MRDD,26,,RIVERS,RIVERS
39,ONYEMA ONYEKACHI,MALE,NAC,126,,RIVERS,RIVERS
40,IGBECHI ANTHONY ISAAC,MALE,NCMP,61,,RIVERS,RIVERS
1,HASSAN BELLO,MALE,A,61,,SOKOTO,SOKOTO
2,ABUBAKAR BELLO,MALE,AA,45,,SOKOTO,SOKOTO
3,LAWAL ABUBAKAR,MALE,AAP,220,,SOKOTO,SOKOTO
4,JAMILU ADAMU,MALE,ABP,118,,SOKOTO,SOKOTO
5,RIGOH AHMED,MALE,ACPN,143,,SOKOTO,SOKOTO
6,ALH. SULAIMAN ALIYI,MALE,AD,124,,SOKOTO,SOKOTO
7,ABDULLAHI MALAMI SHEHU,MALE,ADC,174,,SOKOTO,SOKOTO
8,BELLO A. ABUBAKAR,MALE,AGA,176,,SOKOTO,SOKOTO
9,BASHIRU YUSUF,MALE,AGAP,94,,SOKOTO,SOKOTO
10,ABUBAKAR AHMED,MALE,ANDP,158,,SOKOTO,SOKOTO
11,AHMAD AHMAD JA'O,MALE,APA,"1,344",,SOKOTO,SOKOTO
12,AHMED ALIYU SOKOTO,MALE,APC,"511,660",,SOKOTO,SOKOTO
13,GATAWA BASHIRU IBRAHIM,MALE,APDA,936,,SOKOTO,SOKOTO
14,WADATA BELLO,MALE,APGA,170,,SOKOTO,SOKOTO
15,ISIYAKU BELLO,MALE,BNPP,58,,SOKOTO,SOKOTO
16,ALIYU NAMAKKA,MALE,DA,30,,SOKOTO,SOKOTO
17,NASIRU CHIKA HAIDARA,MALE,DPC,60,,SOKOTO,SOKOTO
18,MUHAMMAD JAMILU IMAM,MALE,DPP,294,,SOKOTO,SOKOTO
19,MUHAMMED ABUBAKAR,MALE,GDPN,139,,SOKOTO,SOKOTO
20,BASHAR MUHAMMED ASSADA,MALE,GPN,121,,SOKOTO,SOKOTO
21,IBRAHIM BABAJO AHMED,MALE,ID,110,,SOKOTO,SOKOTO
22,ABUBAKAR YARO,MALE,JMPP,"1,501",,SOKOTO,SOKOTO
23,ALIYU SA'IDU,FEMALE,KP,152,,SOKOTO,SOKOTO
24,MANWUJA ALIYU HUSSANI,MALE,LP,96,,SOKOTO,SOKOTO
25,ALYASUF GARBA INNUWA,MALE,MMM,117,,SOKOTO,SOKOTO
26,MUJITTABA AMINU,MALE,MPN,121,,SOKOTO,SOKOTO
27,KABIRU ALHAJI MUHAMMAD,MALE,MRDD,196,,SOKOTO,SOKOTO
28,UMAR BELLO,MALE,NAC,117,,SOKOTO,SOKOTO
29,SADIQ MUHAMMAD HARUNA,MALE,NCMP,265,,SOKOTO,SOKOTO
30,ABBA SIDI AHMAD,MALE,NCP,64,,SOKOTO,SOKOTO
31,MALAMI SHIITU,MALE,NDLP,143,,SOKOTO,SOKOTO
32,ALIYU MUSA NAYABA,MALE,NEPP,48,,SOKOTO,SOKOTO
33,IBRAHIM YAHAYA ALKAMMAWA,MALE,NNPP,30,,SOKOTO,SOKOTO
34,MUHAMMAD YAHAYA,MALE,NPC,77,,SOKOTO,SOKOTO
35,DALHATU ALHAJI ALHAJI,MALE,NRM,94,,SOKOTO,SOKOTO
36,UMAR FAROUK MOHAMMED,MALE,NUP,104,,SOKOTO,SOKOTO
37,NISIRU ALIYU,MALE,PCP,949,,SOKOTO,SOKOTO
38,IBRAHIM BELLO BODINGA,MALE,PDC,945,,SOKOTO,SOKOTO
1,DAHIRU YUNUSA SHAGARDA,MALE,A,77,,TARABA,TARABA
2,KWAGHKAR JULIUS EMBERGA,MALE,AA,471,,TARABA,TARABA
3,KEFAS SULE,MALE,ABP,194,,TARABA,TARABA
4,UMAR ABUBAKAR,MALE,ACD,85,,TARABA,TARABA
5,BALA KABIRU,MALE,ACPN,69,,TARABA,TARABA
6,IBRAHIM MANZO MOHAMMED,MALE,ADC,168,,TARABA,TARABA
7,SANI SAIDU,MALE,AGA,594,,TARABA,TARABA
8,ABUBAKAR SANI DANLADI,MALE,APC,"362,735",,TARABA,TARABA
9,ADAMU DANBAKO IBRAHIM,MALE,APGA,"4,098",,TARABA,TARABA
10,BANTI HENRY HANIEL,MALE,APP,89,,TARABA,TARABA
11,UTSUMIU - NYEN AKIN ISHAYA MISSA,MALE,CAP,21,,TARABA,TARABA
12,BELLO A AHMED,MALE,DA,32,,TARABA,TARABA
13,FARUK ALHAJI MUHAMMED,MALE,DPP,265,,TARABA,TARABA
14,SANUSI A. T HAMZA,MALE,FJP,17,,TARABA,TARABA
15,ABDULLAHI RABSANJANI,MALE,GDPN,20,,TARABA,TARABA
16,BALA DANLAMI ADI,MALE,LP,44,,TARABA,TARABA
17,PAUL JAMASURU TANKWA,MALE,MAJA,37,,TARABA,TARABA
18,PHILLIP SOJE SHIN,MALE,MPN,69,,TARABA,TARABA
19,BAGARMI KAMALUDEEN MUHAMMED SOJE,MALE,MRDD,49,,TARABA,TARABA
20,JAPHET MAGDALINE TOBBI,FEMALE,NAC,91,,TARABA,TARABA
21,AHMAD MURTALA ISAH,MALE,NDLP,77,,TARABA,TARABA
22,DANJUMA UMARU,MALE,NRM,730,,TARABA,TARABA
,,,,,Declared,TARABA,TARABA
23,DARIUS DICKSON ISHAKU,MALE,PDP,"520,433",,TARABA,TARABA
,,,,,Elected,TARABA,TARABA
24,BELLO MOHAMMED,MALE,PPA,564,,TARABA,TARABA
25,AHMED BALA GASSOL,MALE,PPN,153,,TARABA,TARABA
26,STEPHEN BISHI,MALE,SDP,743,,TARABA,TARABA
27,ALHASSAN AISHA JUMMAI,FEMALE,UDP,"16,289",,TARABA,TARABA
28,MUSA BAH KANAWA,MALE,YDP,"1,208",,TARABA,TARABA
29,AHMADU UMARU SALIM,MALE,YPP,249,,TARABA,TARABA
30,ISSA MUSA,MALE,ZLP,45,,TARABA,TARABA
1,ISAH MOHAMMED,MALE,ADC,"1,350",,YOBE,YOBE
,,,,,Declared,YOBE,YOBE
2,MAI MALA,MALE,APC,"444,013",,YOBE,YOBE
,,,,,Elected,YOBE,YOBE
3,IDRIS MOHAMMED WAZIRI,MALE,ASD,961,,YOBE,YOBE
4,ABBA IBRAHIM,MALE,CAP,145,,YOBE,YOBE
5,IBRAHIM BAMAI,MALE,DA,188,,YOBE,YOBE
6,ADAMU IBN SAIDU,MALE,MPN,"1,288",,YOBE,YOBE
7,MUHAMMAD AWWAL YAKUBU,MALE,NEPP,147,,YOBE,YOBE
8,YARIMA ALI,MALE,NRM,176,,YOBE,YOBE
9,UMAR ILIYA DAMAGUM,MALE,PDP,"95,703",,YOBE,YOBE
10,MOHAMMED BELLO ARABI,MALE,PPA,484,,YOBE,YOBE
11,FATIMA MOHAMMED ZARAMI,FEMALE,PPN,229,,YOBE,YOBE
12,ABDULLAHI AHMAD GAMBO,MALE,SDP,"1,566",,YOBE,YOBE
13,KONTO ALHAJI BUILAR,MALE,ZLP,141,,YOBE,YOBE
,,,,VOTES,,ZAMFARA,ZAMFARA
,,,,RECEIVED,,ZAMFARA,ZAMFARA
1,BALA BELLO MARU,MALE,A,"43,691",,ZAMFARA,ZAMFARA
2,YUSUF MUSTAPHA,MALE,ABP,135,,ZAMFARA,ZAMFARA
3,HARUNA AMINU,MALE,ACD,402,,ZAMFARA,ZAMFARA
4,LAWALI IBRAHIM,MALE,ACPN,63,,ZAMFARA,ZAMFARA
5,KAMILU MUSA,MALE,AD,99,,ZAMFARA,ZAMFARA
6,BADAMASI BELLO,MALE,ADC,344,,ZAMFARA,ZAMFARA
7,ABULMAJID SHEHU,MALE,ADP,100,,ZAMFARA,ZAMFARA
8,BASHIR YUSUF SANI,MALE,AGAP,577,,ZAMFARA,ZAMFARA
,,,,,Votes Declared Wasted by,ZAMFARA,ZAMFARA
9,IDRIS MUKHTAR SHEHU,MALE,APC,"534,541",the Supreme Court,ZAMFARA,ZAMFARA
10,TAKORI MOHAMMED SANI,MALE,APDA,807,,ZAMFARA,ZAMFARA
11,SANI ABDULLAHI SHINKAFI,MALE,APGA,"3,865",,ZAMFARA,ZAMFARA
12,ZAYYANU SALISU (HASKE),MALE,APP,191,,ZAMFARA,ZAMFARA
13,GARBA ALI,MALE,BNPP,119,,ZAMFARA,ZAMFARA
14,DAHIRU ALIYU GUSAU,MALE,CAP,42,,ZAMFARA,ZAMFARA
15,MUHAMMED NURA,MALE,CC,87,,ZAMFARA,ZAMFARA
16,ILIYASU SULAIMAN,MALE,DA,546,,ZAMFARA,ZAMFARA
17,KABIRU ILIYASU A. GUSAU,MALE,DPC,77,,ZAMFARA,ZAMFARA
18,AMINU MAINASARA,MALE,DPP,263,,ZAMFARA,ZAMFARA
19,SANI YUSUF,MALE,GPN,127,,ZAMFARA,ZAMFARA
20,KUCHERI SHEHU HUSSAINI,MALE,HDP,36,,ZAMFARA,ZAMFARA
21,HAMISU YAHUZA,MALE,JMPP,34,,ZAMFARA,ZAMFARA
22,SANI ABDULLAHI,MALE,LP,38,,ZAMFARA,ZAMFARA
23,UMAR MANDE,MALE,MMM,292,,ZAMFARA,ZAMFARA
24,SHEHU MUS MAIGOROA,MALE,MPN,163,,ZAMFARA,ZAMFARA
25,KABIRU GARBBA,MALE,NCMP,28,,ZAMFARA,ZAMFARA
26,MOHAMMED BALA,MALE,NCP,38,,ZAMFARA,ZAMFARA
27,UMAR SANI,MALE,NEPP,48,,ZAMFARA,ZAMFARA
28,SAIDU MOHAMMED DANSADAU,MALE,NRM,"15,177",,ZAMFARA,ZAMFARA
29,DADI ABDULLAHI O.,MALE,PDC,70,,ZAMFARA,ZAMFARA
,BELLO MOHAMMED,,,,,ZAMFARA,ZAMFARA
30,,MALE,PDP,"189,452",Declared Elected (By,ZAMFARA,ZAMFARA
,MATAWALLE,,,,Supreme Court Order),ZAMFARA,ZAMFARA
31,SULE GARBA,MALE,PPA,695,,ZAMFARA,ZAMFARA
32,BASHIRU ADAMU GUSAU,MALE,PPN,168,,ZAMFARA,ZAMFARA
