,stage,club,country,year
0,Final,Athletic Club,ESP,2012
1,Final,Atlético,ESP,2012
2,Semi-finals,Sporting CP,POR,2012
3,Semi-finals,Valencia,ESP,2012
4,Quarter-finals,AZ Alkmaar,NED,2012
5,Quarter-finals,Hannover,GER,2012
6,Quarter-finals,Metalist,UKR,2012
7,Quarter-finals,Schalke,GER,2012
8,Round of 16,Beşiktaş,TUR,2012
9,Round of 16,Man City,ENG,2012
10,Round of 16,Man United,ENG,2012
11,Round of 16,Olympiacos,GRE,2012
12,Round of 16,PSV,NED,2012
13,Round of 16,Standard Liège,BEL,2012
14,Round of 16,Twente,NED,2012
15,Round of 16,Udinese,ITA,2012
16,Round of 32,Ajax,NED,2012
17,Round of 32,Anderlecht,BEL,2012
18,Round of 32,Braga,POR,2012
19,Round of 32,Club Brugge,BEL,2012
20,Round of 32,FCSB,ROU,2012
21,Round of 32,Lazio,ITA,2012
22,Round of 32,Legia,POL,2012
23,Round of 32,Lokomotiv Moskva,RUS,2012
24,Round of 32,PAOK,GRE,2012
25,Round of 32,Plzeň,CZE,2012
26,Round of 32,Porto,POR,2012
27,Round of 32,Rubin,RUS,2012
28,Round of 32,Salzburg,AUT,2012
29,Round of 32,Stoke,ENG,2012
30,Round of 32,Trabzonspor,TUR,2012
31,Round of 32,Wisła Kraków,POL,2012
32,Group stage,AEK,GRE,2012
33,Group stage,AEK Larnaca,CYP,2012
34,Group stage,Austria Wien,AUT,2012
35,Group stage,Birmingham,ENG,2012
36,Group stage,Celtic,SCO,2012
37,Group stage,Copenhagen,DEN,2012
38,Group stage,Dynamo Kyiv,UKR,2012
39,Group stage,Fulham,ENG,2012
40,Group stage,H. Tel-Aviv,ISR,2012
41,Group stage,M. Haifa,ISR,2012
42,Group stage,M. Tel-Aviv,ISR,2012
43,Group stage,Malmö,SWE,2012
44,Group stage,Maribor,SVN,2012
45,Group stage,OB,DEN,2012
46,Group stage,Paris,FRA,2012
47,Group stage,Rapid Bucureşti,ROU,2012
48,Group stage,Rennes,FRA,2012
49,Group stage,Shamrock Rovers,IRL,2012
50,Group stage,Slovan Bratislava,SVK,2012
51,Group stage,Sturm,AUT,2012
52,Group stage,Tottenham,ENG,2012
53,Group stage,Vaslui,ROU,2012
54,Group stage,Vorskla,UKR,2012
55,Group stage,Zürich,SUI,2012
56,Play-offs,Aalesund,NOR,2012
57,Play-offs,Alania,RUS,2012
58,Play-offs,Bursaspor,TUR,2012
59,Play-offs,Crvena zvezda,SRB,2012
60,Play-offs,CSKA Sofia,BUL,2012
61,Play-offs,Differdange,LUX,2012
62,Play-offs,Dinamo Bucureşti,ROU,2012
63,Play-offs,Dinamo Tbilisi,GEO,2012
64,Play-offs,Dnipro,UKR,2012
65,Play-offs,Ekranas,LTU,2012
66,Play-offs,Gaz Metan,ROU,2012
67,Play-offs,Hearts,SCO,2012
68,Play-offs,Helsingborg,SWE,2012
69,Play-offs,HJK,FIN,2012
70,Play-offs,Karpaty,UKR,2012
71,Play-offs,Litex,BUL,2012
72,Play-offs,Nacional,POR,2012
73,Play-offs,Nordsjælland,DEN,2012
74,Play-offs,Omonoia,CYP,2012
75,Play-offs,Panathinaikos,GRE,2012
76,Play-offs,Partizan,SRB,2012
77,Play-offs,Rabotnicki,MKD,2012
78,Play-offs,Rangers,SCO,2012
79,Play-offs,Ried,AUT,2012
80,Play-offs,Roma,ITA,2012
81,Play-offs,Rosenborg,NOR,2012
82,Play-offs,Sevilla,ESP,2012
83,Play-offs,Sion,SUI,2012
84,Play-offs,Śląsk,POL,2012
85,Play-offs,Sochaux,FRA,2012
86,Play-offs,Sparta Praha,CZE,2012
87,Play-offs,Spartak Moskva,RUS,2012
88,Play-offs,Spartak Trnava,SVK,2012
89,Play-offs,Thun,SUI,2012
90,Play-offs,Vitória SC,POR,2012
91,Play-offs,Young Boys,SUI,2012
92,Play-offs,Zestafoni,GEO,2012
93,Third qualifying round,Aktobe,KAZ,2012
94,Third qualifying round,Anorthosis,CYP,2012
95,Third qualifying round,Bnei Yehuda,ISR,2012
96,Third qualifying round,Brøndby,DEN,2012
97,Third qualifying round,Den Haag,NED,2012
98,Third qualifying round,Elfsborg,SWE,2012
99,Third qualifying round,Gaziantepspor,TUR,2012
100,Third qualifying round,Gomel,BLR,2012
101,Third qualifying round,Häcken,SWE,2012
102,Third qualifying round,Hajduk Split,CRO,2012
103,Third qualifying round,Jablonec,CZE,2012
104,Third qualifying round,KR Reykjavik,ISL,2012
105,Third qualifying round,Levski,BUL,2012
106,Third qualifying round,Lokomotiv Sofia,BUL,2012
107,Third qualifying round,Mainz,GER,2012
108,Third qualifying round,Metalurgi Rustavi,GEO,2012
109,Third qualifying round,Midtjylland,DEN,2012
110,Third qualifying round,Mladá Boleslav,CZE,2012
111,Third qualifying round,Olimpija Ljubljana,SVN,2012
112,Third qualifying round,Olympiacos Volou,GRE,2012
113,Third qualifying round,Paks,HUN,2012
114,Third qualifying round,Palermo,ITA,2012
115,Third qualifying round,Qarabağ,AZE,2012
116,Third qualifying round,Sarajevo,BIH,2012
117,Third qualifying round,Senica,SVK,2012
118,Third qualifying round,Sligo,IRL,2012
119,Third qualifying round,Split,CRO,2012
120,Third qualifying round,St Patrick's,IRL,2012
121,Third qualifying round,Strømsgodset,NOR,2012
122,Third qualifying round,Vaduz,LIE,2012
123,Third qualifying round,Vålerenga,NOR,2012
124,Third qualifying round,Varaždin,CRO,2012
125,Third qualifying round,Ventspils,LVA,2012
126,Third qualifying round,Westerlo,BEL,2012
127,Third qualifying round,Željezničar,BIH,2012
128,Second qualifying round,Bohemians,IRL,2012
129,Second qualifying round,Crusaders,NIR,2012
130,Second qualifying round,Domžale,SVN,2012
131,Second qualifying round,Dundee United,SCO,2012
132,Second qualifying round,EB/Streymur,FRO,2012
133,Second qualifying round,Ferencváros,HUN,2012
134,Second qualifying round,FH,ISL,2012
135,Second qualifying round,Flamurtari,ALB,2012
136,Second qualifying round,Floriana,MLT,2012
137,Second qualifying round,Gagra,GEO,2012
138,Second qualifying round,Glentoran,NIR,2012
139,Second qualifying round,Honka,FIN,2012
140,Second qualifying round,Irtysh,KAZ,2012
141,Second qualifying round,Iskra-Stal,MDA,2012
142,Second qualifying round,Juvenes/Dogana,SMR,2012
143,Second qualifying round,Kecskemét,HUN,2012
144,Second qualifying round,KuPS,FIN,2012
145,Second qualifying round,Levadia,EST,2012
146,Second qualifying round,Liepājas Metalurgs,LVA,2012
147,Second qualifying round,Llanelli,WAL,2012
148,Second qualifying round,Metalurg Skopje,MKD,2012
149,Second qualifying round,Mika,ARM,2012
150,Second qualifying round,Minsk,BLR,2012
151,Second qualifying round,Örebro,SWE,2012
152,Second qualifying round,Rad,SRB,2012
153,Second qualifying round,Rudar Pljevlja,MNE,2012
154,Second qualifying round,Sant Julià,AND,2012
155,Second qualifying round,Shakhter,KAZ,2012
156,Second qualifying round,Shakhtyor,BLR,2012
157,Second qualifying round,Sheriff,MDA,2012
158,Second qualifying round,Sūduva,LTU,2012
159,Second qualifying round,Tauras,LTU,2012
160,Second qualifying round,Tirana,ALB,2012
161,Second qualifying round,TNS,WAL,2012
162,Second qualifying round,TPS,FIN,2012
163,Second qualifying round,Tromsø,NOR,2012
164,Second qualifying round,Vllaznia,ALB,2012
165,Second qualifying round,Vojvodina,SRB,2012
166,Second qualifying round,Xäzär Länkäran,AZE,2012
167,Second qualifying round,Žilina,SVK,2012
168,First qualifying round,Banga,LTU,2012
169,First qualifying round,Birkirkara,MLT,2012
170,First qualifying round,Budućnost Podgorica,MNE,2012
171,First qualifying round,Cliftonville,NIR,2012
172,First qualifying round,Daugava Daugavpils,LVA,2012
173,First qualifying round,Fola,LUX,2012
174,First qualifying round,ÍBV,ISL,2012
175,First qualifying round,ÍF,FRO,2012
176,First qualifying round,Jagiellonia,POL,2012
177,First qualifying round,Käerjéng,LUX,2012
178,First qualifying round,Kalju,EST,2012
179,First qualifying round,Koper,SVN,2012
180,First qualifying round,Lusitans,AND,2012
181,First qualifying round,Milsami,MDA,2012
182,First qualifying round,Neath,WAL,2012
183,First qualifying round,NSÍ,FRO,2012
184,First qualifying round,Olimpik-Şüvälan,AZE,2012
185,First qualifying round,Renova,MKD,2012
186,First qualifying round,Široki Brijeg,BIH,2012
187,First qualifying round,Trans,EST,2012
188,First qualifying round,Tre Penne,SMR,2012
189,First qualifying round,UE Santa Coloma,AND,2012
190,First qualifying round,Ulisses,ARM,2012
191,First qualifying round,Urartu,ARM,2012
192,First qualifying round,Zeta,MNE,2012
0,Final,Benfica,POR,2013
1,Final,Chelsea,ENG,2013
2,Semi-finals,Basel,SUI,2013
3,Semi-finals,Fenerbahçe,TUR,2013
4,Quarter-finals,Lazio,ITA,2013
5,Quarter-finals,Newcastle,ENG,2013
6,Quarter-finals,Rubin,RUS,2013
7,Quarter-finals,Tottenham,ENG,2013
8,Round of 16,Anji,RUS,2013
9,Round of 16,Bordeaux,FRA,2013
10,Round of 16,FCSB,ROU,2013
11,Round of 16,Inter,ITA,2013
12,Round of 16,Levante,ESP,2013
13,Round of 16,Plzeň,CZE,2013
14,Round of 16,Stuttgart,GER,2013
15,Round of 16,Zenit,RUS,2013
16,Round of 32,Ajax,NED,2013
17,Round of 32,Atlético,ESP,2013
18,Round of 32,BATE,BLR,2013
19,Round of 32,CFR Cluj,ROU,2013
20,Round of 32,Dnipro,UKR,2013
21,Round of 32,Dynamo Kyiv,UKR,2013
22,Round of 32,Genk,BEL,2013
23,Round of 32,Hannover,GER,2013
24,Round of 32,Leverkusen,GER,2013
25,Round of 32,Liverpool,ENG,2013
26,Round of 32,Lyon,FRA,2013
27,Round of 32,Metalist,UKR,2013
28,Round of 32,Mönchengladbach,GER,2013
29,Round of 32,Napoli,ITA,2013
30,Round of 32,Olympiacos,GRE,2013
31,Round of 32,Sparta Praha,CZE,2013
32,Group stage,Académica,POR,2013
33,Group stage,AEL,CYP,2013
34,Group stage,AIK,SWE,2013
35,Group stage,Athletic Club,ESP,2013
36,Group stage,Club Brugge,BEL,2013
37,Group stage,Copenhagen,DEN,2013
38,Group stage,Fehérvár,HUN,2013
39,Group stage,H. Kiryat Shmona,ISR,2013
40,Group stage,H. Tel-Aviv,ISR,2013
41,Group stage,Helsingborg,SWE,2013
42,Group stage,Maribor,SVN,2013
43,Group stage,Marítimo,POR,2013
44,Group stage,Marseille,FRA,2013
45,Group stage,Molde,NOR,2013
46,Group stage,Neftçi,AZE,2013
47,Group stage,Panathinaikos,GRE,2013
48,Group stage,Partizan,SRB,2013
49,Group stage,PSV,NED,2013
50,Group stage,Rapid Wien,AUT,2013
51,Group stage,Rosenborg,NOR,2013
52,Group stage,Sporting CP,POR,2013
53,Group stage,Twente,NED,2013
54,Group stage,Udinese,ITA,2013
55,Group stage,Young Boys,SUI,2013
56,Play-offs,APOEL,CYP,2013
57,Play-offs,Atromitos,GRE,2013
58,Play-offs,AZ Alkmaar,NED,2013
59,Play-offs,Bursaspor,TUR,2013
60,Play-offs,Crvena zvezda,SRB,2013
61,Play-offs,CSKA Moskva,RUS,2013
62,Play-offs,Debrecen,HUN,2013
63,Play-offs,Diddeleng,LUX,2013
64,Play-offs,Dila,GEO,2013
65,Play-offs,Dinamo Bucureşti,ROU,2013
66,Play-offs,Dynamo Moscow,RUS,2013
67,Play-offs,Ekranas,LTU,2013
68,Play-offs,Feyenoord,NED,2013
69,Play-offs,Hearts,SCO,2013
70,Play-offs,Heerenveen,NED,2013
71,Play-offs,HJK,FIN,2013
72,Play-offs,Horsens,DEN,2013
73,Play-offs,Legia,POL,2013
74,Play-offs,Liberec,CZE,2013
75,Play-offs,Lokeren,BEL,2013
76,Play-offs,Luzern,SUI,2013
77,Play-offs,Midtjylland,DEN,2013
78,Play-offs,Motherwell,SCO,2013
79,Play-offs,ND Mura 05,SVN,2013
80,Play-offs,PAOK,GRE,2013
81,Play-offs,Sheriff,MDA,2013
82,Play-offs,Śląsk,POL,2013
83,Play-offs,Trabzonspor,TUR,2013
84,Play-offs,Tromsø,NOR,2013
85,Play-offs,Vaslui,ROU,2013
86,Play-offs,Zeta,MNE,2013
87,Third qualifying round,Aalesund,NOR,2013
88,Third qualifying round,Admira,AUT,2013
89,Third qualifying round,Aktobe,KAZ,2013
90,Third qualifying round,Anorthosis,CYP,2013
91,Third qualifying round,Arsenal Kyiv,UKR,2013
92,Third qualifying round,Asteras,GRE,2013
93,Third qualifying round,Bnei Yehuda,ISR,2013
94,Third qualifying round,Dundee United,SCO,2013
95,Third qualifying round,Elfsborg,SWE,2013
96,Third qualifying round,Eskişehirspor,TUR,2013
97,Third qualifying round,Gent,BEL,2013
98,Third qualifying round,Gomel,BLR,2013
99,Third qualifying round,Hajduk Split,CRO,2013
100,Third qualifying round,Kalmar,SWE,2013
101,Third qualifying round,KuPS,FIN,2013
102,Third qualifying round,Lech,POL,2013
103,Third qualifying round,Metalurh Donetsk,UKR,2013
104,Third qualifying round,Mladá Boleslav,CZE,2013
105,Third qualifying round,Omonoia,CYP,2013
106,Third qualifying round,Rapid Bucureşti,ROU,2013
107,Third qualifying round,Ried,AUT,2013
108,Third qualifying round,Ruch,POL,2013
109,Third qualifying round,Sarajevo,BIH,2013
110,Third qualifying round,Servette,SUI,2013
111,Third qualifying round,Slaven Koprivnica,CRO,2013
112,Third qualifying round,Spartak Trnava,SVK,2013
113,Third qualifying round,St Patrick's,IRL,2013
114,Third qualifying round,Vitesse,NED,2013
115,Third qualifying round,Vojvodina,SRB,2013
116,Second qualifying round,AGF,DEN,2013
117,Second qualifying round,Čelik Nikšić,MNE,2013
118,Second qualifying round,CSKA Sofia,BUL,2013
119,Second qualifying round,Dacia,MDA,2013
120,Second qualifying round,Differdange,LUX,2013
121,Second qualifying round,FH,ISL,2013
122,Second qualifying round,Gandzasar,ARM,2013
123,Second qualifying round,Honvéd,HUN,2013
124,Second qualifying round,Inter Turku,FIN,2013
125,Second qualifying round,JJK,FIN,2013
126,Second qualifying round,Keşla,AZE,2013
127,Second qualifying round,Levadia,EST,2013
128,Second qualifying round,Levski,BUL,2013
129,Second qualifying round,Liepājas Metalurgs,LVA,2013
130,Second qualifying round,Lokomotiv Plovdiv,BUL,2013
131,Second qualifying round,M. Netanya,ISR,2013
132,Second qualifying round,Metalurg Skopje,MKD,2013
133,Second qualifying round,Metalurgi Rustavi,GEO,2013
134,Second qualifying round,Milsami,MDA,2013
135,Second qualifying round,MYPA,FIN,2013
136,Second qualifying round,Naftan,BLR,2013
137,Second qualifying round,Olimpija Ljubljana,SVN,2013
138,Second qualifying round,Ordabasy,KAZ,2013
139,Second qualifying round,Osijek,CRO,2013
140,Second qualifying round,Portadown,NIR,2013
141,Second qualifying round,Renova,MKD,2013
142,Second qualifying round,Senica,SVK,2013
143,Second qualifying round,Shakhtyor,BLR,2013
144,Second qualifying round,Shirak,ARM,2013
145,Second qualifying round,Široki Brijeg,BIH,2013
146,Second qualifying round,Skonto,LVA,2013
147,Second qualifying round,Sligo,IRL,2013
148,Second qualifying round,Slovan Bratislava,SVK,2013
149,Second qualifying round,St Johnstone,SCO,2013
150,Second qualifying round,Sūduva,LTU,2013
151,Second qualifying round,Thór,ISL,2013
152,Second qualifying round,Tirana,ALB,2013
153,Second qualifying round,Xäzär Länkäran,AZE,2013
154,Second qualifying round,Žalgiris,LTU,2013
155,Second qualifying round,Zimbru,MDA,2013
156,First qualifying round,Bakı,AZE,2013
157,First qualifying round,Bangor,WAL,2013
158,First qualifying round,Birkirkara,MLT,2013
159,First qualifying round,Bohemians,IRL,2013
160,First qualifying round,Borac,BIH,2013
161,First qualifying round,Cefn Druids,WAL,2013
162,First qualifying round,Celje,SVN,2013
163,First qualifying round,Cliftonville,NIR,2013
164,First qualifying round,Crusaders,NIR,2013
165,First qualifying round,Daugava Daugavpils,LVA,2013
166,First qualifying round,EB/Streymur,FRO,2013
167,First qualifying round,Eschen/Mauren,LIE,2013
168,First qualifying round,FC Santa Coloma,AND,2013
169,First qualifying round,Flamurtari,ALB,2013
170,First qualifying round,Floriana,MLT,2013
171,First qualifying round,Grevenmacher,LUX,2013
172,First qualifying round,Hibernians,MLT,2013
173,First qualifying round,ÍBV,ISL,2013
174,First qualifying round,Jagodina,SRB,2013
175,First qualifying round,Jeunesse Esch,LUX,2013
176,First qualifying round,Kalju,EST,2013
177,First qualifying round,La Fiorita,SMR,2013
178,First qualifying round,Libertas,SMR,2013
179,First qualifying round,Llanelli,WAL,2013
180,First qualifying round,MTK,HUN,2013
181,First qualifying round,NSÍ,FRO,2013
182,First qualifying round,Pyunik,ARM,2013
183,First qualifying round,Rudar Pljevlja,MNE,2013
184,First qualifying round,Shkëndija,MKD,2013
185,First qualifying round,Šiauliai,LTU,2013
186,First qualifying round,Stabæk,NOR,2013
187,First qualifying round,Teuta,ALB,2013
188,First qualifying round,Torpedo Kutaisi,GEO,2013
189,First qualifying round,Trans,EST,2013
190,First qualifying round,UE Santa Coloma,AND,2013
191,First qualifying round,Vikingur,FRO,2013
192,First qualifying round,Zhetysu,KAZ,2013
0,Final,Benfica,POR,2014
1,Final,Sevilla,ESP,2014
2,Semi-finals,Juventus,ITA,2014
3,Semi-finals,Valencia,ESP,2014
4,Quarter-finals,AZ Alkmaar,NED,2014
5,Quarter-finals,Basel,SUI,2014
6,Quarter-finals,Lyon,FRA,2014
7,Quarter-finals,Porto,POR,2014
8,Round of 16,Anji,RUS,2014
9,Round of 16,Betis,ESP,2014
10,Round of 16,Fiorentina,ITA,2014
11,Round of 16,Ludogorets,BUL,2014
12,Round of 16,Napoli,ITA,2014
13,Round of 16,Plzeň,CZE,2014
14,Round of 16,Salzburg,AUT,2014
15,Round of 16,Tottenham,ENG,2014
16,Round of 32,Ajax,NED,2014
17,Round of 32,Chornomorets Odesa,UKR,2014
18,Round of 32,Dnipro,UKR,2014
19,Round of 32,Dynamo Kyiv,UKR,2014
20,Round of 32,Esbjerg,DEN,2014
21,Round of 32,Frankfurt,GER,2014
22,Round of 32,Genk,BEL,2014
23,Round of 32,Lazio,ITA,2014
24,Round of 32,Liberec,CZE,2014
25,Round of 32,M. Tel-Aviv,ISR,2014
26,Round of 32,Maribor,SVN,2014
27,Round of 32,PAOK,GRE,2014
28,Round of 32,Rubin,RUS,2014
29,Round of 32,Shakhtar Donetsk,UKR,2014
30,Round of 32,Swansea,ENG,2014
31,Round of 32,Trabzonspor,TUR,2014
32,Group stage,APOEL,CYP,2014
33,Group stage,Apollon,CYP,2014
34,Group stage,Bordeaux,FRA,2014
35,Group stage,Dinamo Zagreb,CRO,2014
36,Group stage,Elfsborg,SWE,2014
37,Group stage,Estoril,POR,2014
38,Group stage,Freiburg,GER,2014
39,Group stage,Kuban,RUS,2014
40,Group stage,Legia,POL,2014
41,Group stage,M. Haifa,ISR,2014
42,Group stage,Paços Ferreira,POR,2014
43,Group stage,Pandurii,ROU,2014
44,Group stage,PSV,NED,2014
45,Group stage,Rapid Wien,AUT,2014
46,Group stage,Rijeka,CRO,2014
47,Group stage,Shakhter,KAZ,2014
48,Group stage,Sheriff,MDA,2014
49,Group stage,St. Gallen,SUI,2014
50,Group stage,Standard Liège,BEL,2014
51,Group stage,Thun,SUI,2014
52,Group stage,Tromsø,NOR,2014
53,Group stage,Vitória SC,POR,2014
54,Group stage,Wigan,ENG,2014
55,Group stage,Zulte Waregem,BEL,2014
56,Play-offs,Aktobe,KAZ,2014
57,Play-offs,Astra,ROU,2014
58,Play-offs,Atromitos,GRE,2014
59,Play-offs,Beşiktaş,TUR,2014
60,Play-offs,Braga,POR,2014
61,Play-offs,Dila,GEO,2014
62,Play-offs,Dinamo Tbilisi,GEO,2014
63,Play-offs,Feyenoord,NED,2014
64,Play-offs,FH,ISL,2014
65,Play-offs,Grasshoppers,SUI,2014
66,Play-offs,Jablonec,CZE,2014
67,Play-offs,Kalju,EST,2014
68,Play-offs,Kukës,ALB,2014
69,Play-offs,Minsk,BLR,2014
70,Play-offs,Molde,NOR,2014
71,Play-offs,Nice,FRA,2014
72,Play-offs,Nordsjælland,DEN,2014
73,Play-offs,Partizan,SRB,2014
74,Play-offs,Pasching,AUT,2014
75,Play-offs,Petrolul,ROU,2014
76,Play-offs,Qarabağ,AZE,2014
77,Play-offs,Skënderbeu,ALB,2014
78,Play-offs,Śląsk,POL,2014
79,Play-offs,Spartak Moskva,RUS,2014
80,Play-offs,St-Étienne,FRA,2014
81,Play-offs,Stuttgart,GER,2014
82,Play-offs,Udinese,ITA,2014
83,Play-offs,Vojvodina,SRB,2014
84,Play-offs,Žalgiris,LTU,2014
85,Third qualifying round,Asteras,GRE,2014
86,Third qualifying round,Botev Plovdiv,BUL,2014
87,Third qualifying round,Breidablik,ISL,2014
88,Third qualifying round,Bursaspor,TUR,2014
89,Third qualifying round,Club Brugge,BEL,2014
90,Third qualifying round,Crvena zvezda,SRB,2014
91,Third qualifying round,Differdange,LUX,2014
92,Third qualifying round,Dinamo Minsk,BLR,2014
93,Third qualifying round,Gefle,SWE,2014
94,Third qualifying round,H. Ramat Gan,ISR,2014
95,Third qualifying round,H. Tel-Aviv,ISR,2014
96,Third qualifying round,Häcken,SWE,2014
97,Third qualifying round,Hajduk Split,CRO,2014
98,Third qualifying round,Lech,POL,2014
99,Third qualifying round,Malmö,SWE,2014
100,Third qualifying round,Metalurh Donetsk,UKR,2014
101,Third qualifying round,Milsami,MDA,2014
102,Third qualifying round,Motherwell,SCO,2014
103,Third qualifying round,Randers,DEN,2014
104,Third qualifying round,Široki Brijeg,BIH,2014
105,Third qualifying round,St Johnstone,SCO,2014
106,Third qualifying round,Strømsgodset,NOR,2014
107,Third qualifying round,Titograd,MNE,2014
108,Third qualifying round,Trenčín,SVK,2014
109,Third qualifying round,Ventspils,LVA,2014
110,Third qualifying round,Vitesse,NED,2014
111,Third qualifying round,Xanthi,GRE,2014
112,Third qualifying round,Žilina,SVK,2014
113,Third qualifying round,Zürich,SUI,2014
114,Second qualifying round,AaB,DEN,2014
115,Second qualifying round,Anorthosis,CYP,2014
116,Second qualifying round,Beroe,BUL,2014
117,Second qualifying round,Chikhura,GEO,2014
118,Second qualifying round,Dacia,MDA,2014
119,Second qualifying round,Debrecen,HUN,2014
120,Second qualifying round,Derry,IRL,2014
121,Second qualifying round,Göteborg,SWE,2014
122,Second qualifying round,Hibernian,SCO,2014
123,Second qualifying round,Hødd,NOR,2014
124,Second qualifying round,Honka,FIN,2014
125,Second qualifying round,Honvéd,HUN,2014
126,Second qualifying round,ÍBV,ISL,2014
127,Second qualifying round,Irtysh,KAZ,2014
128,Second qualifying round,Jagodina,SRB,2014
129,Second qualifying round,Jeunesse Esch,LUX,2014
130,Second qualifying round,Keşla,AZE,2014
131,Second qualifying round,KR Reykjavik,ISL,2014
132,Second qualifying round,Levadia,EST,2014
133,Second qualifying round,Linfield,NIR,2014
134,Second qualifying round,Lokomotiva Zagreb,CRO,2014
135,Second qualifying round,Olimpija Ljubljana,SVN,2014
136,Second qualifying round,Omonoia,CYP,2014
137,Second qualifying round,Piast,POL,2014
138,Second qualifying round,Prestatyn,WAL,2014
139,Second qualifying round,Pyunik,ARM,2014
140,Second qualifying round,Rosenborg,NOR,2014
141,Second qualifying round,Rudar Pljevlja,MNE,2014
142,Second qualifying round,Sarajevo,BIH,2014
143,Second qualifying round,Senica,SVK,2014
144,Second qualifying round,Shakhtyor,BLR,2014
145,Second qualifying round,Skonto,LVA,2014
146,Second qualifying round,Sparta Praha,CZE,2014
147,Second qualifying round,Sturm,AUT,2014
148,Second qualifying round,Turnovo,MKD,2014
149,Second qualifying round,Utrecht,NED,2014
150,Second qualifying round,Valletta,MLT,2014
151,Second qualifying round,Vikingur,FRO,2014
152,Second qualifying round,Xäzär Länkäran,AZE,2014
153,Second qualifying round,Zrinjski,BIH,2014
154,First qualifying round,Astana,KAZ,2014
155,First qualifying round,Bala,WAL,2014
156,First qualifying round,Broughton,WAL,2014
157,First qualifying round,Čelik Nikšić,MNE,2014
158,First qualifying round,Celje,SVN,2014
159,First qualifying round,Crusaders,NIR,2014
160,First qualifying round,Diddeleng,LUX,2014
161,First qualifying round,Domžale,SVN,2014
162,First qualifying round,Drogheda,IRL,2014
163,First qualifying round,FC Santa Coloma,AND,2014
164,First qualifying round,Fehérvár,HUN,2014
165,First qualifying round,Flora,EST,2014
166,First qualifying round,Gandzasar,ARM,2014
167,First qualifying round,Glentoran,NIR,2014
168,First qualifying round,HB,FRO,2014
169,First qualifying round,Hibernians,MLT,2014
170,First qualifying round,ÍF,FRO,2014
171,First qualifying round,Inter Turku,FIN,2014
172,First qualifying round,Kruoja,LTU,2014
173,First qualifying round,La Fiorita,SMR,2014
174,First qualifying round,Laç,ALB,2014
175,First qualifying round,Levski,BUL,2014
176,First qualifying round,Libertas,SMR,2014
177,First qualifying round,Liepājas Metalurgs,LVA,2014
178,First qualifying round,Mariehamn,FIN,2014
179,First qualifying round,Metalurg Skopje,MKD,2014
180,First qualifying round,Mika,ARM,2014
181,First qualifying round,Sliema,MLT,2014
182,First qualifying round,St Patrick's,IRL,2014
183,First qualifying round,Sūduva,LTU,2014
184,First qualifying round,Teteks,MKD,2014
185,First qualifying round,Teuta,ALB,2014
186,First qualifying round,Tiraspol,MDA,2014
187,First qualifying round,Torpedo Kutaisi,GEO,2014
188,First qualifying round,TPS,FIN,2014
189,First qualifying round,Trans,EST,2014
190,First qualifying round,UE Santa Coloma,AND,2014
191,First qualifying round,Vaduz,LIE,2014
0,Final,Dnipro,UKR,2015
1,Final,Sevilla,ESP,2015
2,Semi-finals,Fiorentina,ITA,2015
3,Semi-finals,Napoli,ITA,2015
4,Quarter-finals,Club Brugge,BEL,2015
5,Quarter-finals,Dynamo Kyiv,UKR,2015
6,Quarter-finals,Wolfsburg,GER,2015
7,Quarter-finals,Zenit,RUS,2015
8,Round of 16,Ajax,NED,2015
9,Round of 16,Beşiktaş,TUR,2015
10,Round of 16,Dynamo Moscow,RUS,2015
11,Round of 16,Everton,ENG,2015
12,Round of 16,Inter,ITA,2015
13,Round of 16,Roma,ITA,2015
14,Round of 16,Torino,ITA,2015
15,Round of 16,Villarreal,ESP,2015
16,Round of 32,AaB,DEN,2015
17,Round of 32,Anderlecht,BEL,2015
18,Round of 32,Athletic Club,ESP,2015
19,Round of 32,Celtic,SCO,2015
20,Round of 32,Feyenoord,NED,2015
21,Round of 32,Guingamp,FRA,2015
22,Round of 32,Legia,POL,2015
23,Round of 32,Liverpool,ENG,2015
24,Round of 32,Mönchengladbach,GER,2015
25,Round of 32,Olympiacos,GRE,2015
26,Round of 32,PSV,NED,2015
27,Round of 32,Salzburg,AUT,2015
28,Round of 32,Sporting CP,POR,2015
29,Round of 32,Tottenham,ENG,2015
30,Round of 32,Trabzonspor,TUR,2015
31,Round of 32,Young Boys,SUI,2015
32,Group stage,Apollon,CYP,2015
33,Group stage,Asteras,GRE,2015
34,Group stage,Astra,ROU,2015
35,Group stage,Copenhagen,DEN,2015
36,Group stage,Dinamo Minsk,BLR,2015
37,Group stage,Dinamo Zagreb,CRO,2015
38,Group stage,Estoril,POR,2015
39,Group stage,FCSB,ROU,2015
40,Group stage,HJK,FIN,2015
41,Group stage,Krasnodar,RUS,2015
42,Group stage,Lokeren,BEL,2015
43,Group stage,LOSC,FRA,2015
44,Group stage,Metalist,UKR,2015
45,Group stage,Panathinaikos,GRE,2015
46,Group stage,PAOK,GRE,2015
47,Group stage,Partizan,SRB,2015
48,Group stage,Qarabağ,AZE,2015
49,Group stage,Rijeka,CRO,2015
50,Group stage,Rio Ave,POR,2015
51,Group stage,Slovan Bratislava,SVK,2015
52,Group stage,Sparta Praha,CZE,2015
53,Group stage,Standard Liège,BEL,2015
54,Group stage,St-Étienne,FRA,2015
55,Group stage,Zürich,SUI,2015
56,Play-offs,AEL,CYP,2015
57,Play-offs,Aktobe,KAZ,2015
58,Play-offs,Astana,KAZ,2015
59,Play-offs,Debrecen,HUN,2015
60,Play-offs,Elfsborg,SWE,2015
61,Play-offs,Grasshoppers,SUI,2015
62,Play-offs,Hajduk Split,CRO,2015
63,Play-offs,Hull,ENG,2015
64,Play-offs,Karabükspor,TUR,2015
65,Play-offs,Lokomotiv Moskva,RUS,2015
66,Play-offs,Lyon,FRA,2015
67,Play-offs,M. Tel-Aviv,ISR,2015
68,Play-offs,Midtjylland,DEN,2015
69,Play-offs,Nacional,POR,2015
70,Play-offs,Neftçi,AZE,2015
71,Play-offs,Omonoia,CYP,2015
72,Play-offs,Petrolul,ROU,2015
73,Play-offs,Rapid Wien,AUT,2015
74,Play-offs,Real Sociedad,ESP,2015
75,Play-offs,Rostov,RUS,2015
76,Play-offs,Ruch,POL,2015
77,Play-offs,Sarajevo,BIH,2015
78,Play-offs,Shakhtyor,BLR,2015
79,Play-offs,Sheriff,MDA,2015
80,Play-offs,Spartak Trnava,SVK,2015
81,Play-offs,Split,CRO,2015
82,Play-offs,Stjarnan,ISL,2015
83,Play-offs,Twente,NED,2015
84,Play-offs,Zimbru,MDA,2015
85,Play-offs,Zorya Luhansk,UKR,2015
86,Play-offs,Zwolle,NED,2015
87,Third qualifying round,Aberdeen,SCO,2015
88,Third qualifying round,AIK,SWE,2015
89,Third qualifying round,Atromitos,GRE,2015
90,Third qualifying round,Brommapojkarna,SWE,2015
91,Third qualifying round,Brøndby,DEN,2015
92,Third qualifying round,CFR Cluj,ROU,2015
93,Third qualifying round,Chikhura,GEO,2015
94,Third qualifying round,Chornomorets Odesa,UKR,2015
95,Third qualifying round,Diósgyőr,HUN,2015
96,Third qualifying round,Ermis,CYP,2015
97,Third qualifying round,Esbjerg,DEN,2015
98,Third qualifying round,FH,ISL,2015
99,Third qualifying round,Göteborg,SWE,2015
100,Third qualifying round,Grödig,AUT,2015
101,Third qualifying round,H. Kiryat Shmona,ISR,2015
102,Third qualifying round,Lech,POL,2015
103,Third qualifying round,Liberec,CZE,2015
104,Third qualifying round,Mainz,GER,2015
105,Third qualifying round,Metalurg Skopje,MKD,2015
106,Third qualifying round,Mladá Boleslav,CZE,2015
107,Third qualifying round,Molde,NOR,2015
108,Third qualifying round,Plzeň,CZE,2015
109,Third qualifying round,Rosenborg,NOR,2015
110,Third qualifying round,Shakhter,KAZ,2015
111,Third qualifying round,St Johnstone,SCO,2015
112,Third qualifying round,St Pölten,AUT,2015
113,Third qualifying round,Trenčín,SVK,2015
114,Third qualifying round,Vikingur,FRO,2015
115,Third qualifying round,Zulte Waregem,BEL,2015
116,Second qualifying round,Atlantas,LTU,2015
117,Second qualifying round,Botev Plovdiv,BUL,2015
118,Second qualifying round,Budućnost Podgorica,MNE,2015
119,Second qualifying round,Bursaspor,TUR,2015
120,Second qualifying round,Crusaders,NIR,2015
121,Second qualifying round,CSKA Sofia,BUL,2015
122,Second qualifying round,Čukarički,SRB,2015
123,Second qualifying round,Derry,IRL,2015
124,Second qualifying round,Dundalk,IRL,2015
125,Second qualifying round,Ferencváros,HUN,2015
126,Second qualifying round,Flamurtari,ALB,2015
127,Second qualifying round,Gorica,SVN,2015
128,Second qualifying round,Groningen,NED,2015
129,Second qualifying round,Győr,HUN,2015
130,Second qualifying round,H. Beer-Sheva,ISR,2015
131,Second qualifying round,H. Tel-Aviv,ISR,2015
132,Second qualifying round,Haugesund,NOR,2015
133,Second qualifying round,Jagodina,SRB,2015
134,Second qualifying round,Kairat,KAZ,2015
135,Second qualifying round,Kalju,EST,2015
136,Second qualifying round,Keşla,AZE,2015
137,Second qualifying round,Koper,SVN,2015
138,Second qualifying round,Košice,SVK,2015
139,Second qualifying round,Laç,ALB,2015
140,Second qualifying round,Linfield,NIR,2015
141,Second qualifying round,Litex,BUL,2015
142,Second qualifying round,Luzern,SUI,2015
143,Second qualifying round,Motherwell,SCO,2015
144,Second qualifying round,MYPA,FIN,2015
145,Second qualifying round,Neman,BLR,2015
146,Second qualifying round,RoPS,FIN,2015
147,Second qualifying round,Sillamäe,EST,2015
148,Second qualifying round,Široki Brijeg,BIH,2015
149,Second qualifying round,Sligo,IRL,2015
150,Second qualifying round,Tromsø,NOR,2015
151,Second qualifying round,Vaduz,LIE,2015
152,Second qualifying round,Vojvodina,SRB,2015
153,Second qualifying round,Zawisza,POL,2015
154,Second qualifying round,Željezničar,BIH,2015
155,Second qualifying round,Zestafoni,GEO,2015
156,First qualifying round,Aberystwyth,WAL,2015
157,First qualifying round,B36,FRO,2015
158,First qualifying round,Banga,LTU,2015
159,First qualifying round,Bangor,WAL,2015
160,First qualifying round,Birkirkara,MLT,2015
161,First qualifying round,Broughton,WAL,2015
162,First qualifying round,Čelik Nikšić,MNE,2015
163,First qualifying round,Daugava Daugavpils,LVA,2015
164,First qualifying round,Daugava Rīga,LVA,2015
165,First qualifying round,Differdange,LUX,2015
166,First qualifying round,Ekranas,LTU,2015
167,First qualifying round,Europa,GIB,2015
168,First qualifying round,Fola,LUX,2015
169,First qualifying round,Folgore,SMR,2015
170,First qualifying round,Fram,ISL,2015
171,First qualifying round,Gabala,AZE,2015
172,First qualifying round,Glenavon,NIR,2015
173,First qualifying round,Hibernians,MLT,2015
174,First qualifying round,Honka,FIN,2015
175,First qualifying round,ÍF,FRO,2015
176,First qualifying round,Jelgava,LVA,2015
177,First qualifying round,Jeunesse Esch,LUX,2015
178,First qualifying round,Kukës,ALB,2015
179,First qualifying round,Libertas,SMR,2015
180,First qualifying round,Lovćen,MNE,2015
181,First qualifying round,Mika,ARM,2015
182,First qualifying round,Pyunik,ARM,2015
183,First qualifying round,Rudar Velenje,SVN,2015
184,First qualifying round,Sant Julià,AND,2015
185,First qualifying round,Santos Tartu,EST,2015
186,First qualifying round,Shirak,ARM,2015
187,First qualifying round,Shkëndija,MKD,2015
188,First qualifying round,Sioni,GEO,2015
189,First qualifying round,Sliema,MLT,2015
190,First qualifying round,Tiraspol,MDA,2015
191,First qualifying round,Turnovo,MKD,2015
192,First qualifying round,UE Santa Coloma,AND,2015
193,First qualifying round,Veris,MDA,2015
194,First qualifying round,VPS,FIN,2015
0,Final,Liverpool,ENG,2016
1,Final,Sevilla,ESP,2016
2,Semi-finals,Shakhtar Donetsk,UKR,2016
3,Semi-finals,Villarreal,ESP,2016
4,Quarter-finals,Athletic Club,ESP,2016
5,Quarter-finals,Braga,POR,2016
6,Quarter-finals,Dortmund,GER,2016
7,Quarter-finals,Sparta Praha,CZE,2016
8,Round of 16,Anderlecht,BEL,2016
9,Round of 16,Basel,SUI,2016
10,Round of 16,Fenerbahçe,TUR,2016
11,Round of 16,Lazio,ITA,2016
12,Round of 16,Leverkusen,GER,2016
13,Round of 16,Man United,ENG,2016
14,Round of 16,Tottenham,ENG,2016
15,Round of 16,Valencia,ESP,2016
16,Round of 32,Augsburg,GER,2016
17,Round of 32,Fiorentina,ITA,2016
18,Round of 32,Galatasaray,TUR,2016
19,Round of 32,Krasnodar,RUS,2016
20,Round of 32,Lokomotiv Moskva,RUS,2016
21,Round of 32,Marseille,FRA,2016
22,Round of 32,Midtjylland,DEN,2016
23,Round of 32,Molde,NOR,2016
24,Round of 32,Napoli,ITA,2016
25,Round of 32,Olympiacos,GRE,2016
26,Round of 32,Porto,POR,2016
27,Round of 32,Rapid Wien,AUT,2016
28,Round of 32,Schalke,GER,2016
29,Round of 32,Sion,SUI,2016
30,Round of 32,Sporting CP,POR,2016
31,Round of 32,St-Étienne,FRA,2016
32,Group stage,Ajax,NED,2016
33,Group stage,APOEL,CYP,2016
34,Group stage,Asteras,GRE,2016
35,Group stage,AZ Alkmaar,NED,2016
36,Group stage,Belenenses,POR,2016
37,Group stage,Beşiktaş,TUR,2016
38,Group stage,Bordeaux,FRA,2016
39,Group stage,Celtic,SCO,2016
40,Group stage,Club Brugge,BEL,2016
41,Group stage,Dinamo Minsk,BLR,2016
42,Group stage,Dnipro,UKR,2016
43,Group stage,Gabala,AZE,2016
44,Group stage,Groningen,NED,2016
45,Group stage,Lech,POL,2016
46,Group stage,Legia,POL,2016
47,Group stage,Liberec,CZE,2016
48,Group stage,Monaco,FRA,2016
49,Group stage,PAOK,GRE,2016
50,Group stage,Partizan,SRB,2016
51,Group stage,Plzeň,CZE,2016
52,Group stage,Qarabağ,AZE,2016
53,Group stage,Rosenborg,NOR,2016
54,Group stage,Rubin,RUS,2016
55,Group stage,Skënderbeu,ALB,2016
56,Play-offs,Altach,AUT,2016
57,Play-offs,Astra,ROU,2016
58,Play-offs,Atromitos,GRE,2016
59,Play-offs,Brøndby,DEN,2016
60,Play-offs,FCSB,ROU,2016
61,Play-offs,Fehérvár,HUN,2016
62,Play-offs,Hajduk Split,CRO,2016
63,Play-offs,HJK,FIN,2016
64,Play-offs,Jablonec,CZE,2016
65,Play-offs,Kairat,KAZ,2016
66,Play-offs,Milsami,MDA,2016
67,Play-offs,Odd,NOR,2016
68,Play-offs,Panathinaikos,GRE,2016
69,Play-offs,Rabotnicki,MKD,2016
70,Play-offs,Salzburg,AUT,2016
71,Play-offs,Southampton,ENG,2016
72,Play-offs,Standard Liège,BEL,2016
73,Play-offs,Thun,SUI,2016
74,Play-offs,Vojvodina,SRB,2016
75,Play-offs,Young Boys,SUI,2016
76,Play-offs,Žilina,SVK,2016
77,Play-offs,Zorya Luhansk,UKR,2016
78,Third qualifying round,Aberdeen,SCO,2016
79,Third qualifying round,AEK Larnaca,CYP,2016
80,Third qualifying round,AIK,SWE,2016
81,Third qualifying round,Apollon,CYP,2016
82,Third qualifying round,Charleroi,BEL,2016
83,Third qualifying round,Copenhagen,DEN,2016
84,Third qualifying round,Debrecen,HUN,2016
85,Third qualifying round,Elfsborg,SWE,2016
86,Third qualifying round,Göteborg,SWE,2016
87,Third qualifying round,H. Kiryat Shmona,ISR,2016
88,Third qualifying round,İstanbul Başakşehir,TUR,2016
89,Third qualifying round,Keşla,AZE,2016
90,Third qualifying round,Kukës,ALB,2016
91,Third qualifying round,Omonoia,CYP,2016
92,Third qualifying round,Sampdoria,ITA,2016
93,Third qualifying round,Slovan Bratislava,SVK,2016
94,Third qualifying round,Spartak Trnava,SVK,2016
95,Third qualifying round,Strømsgodset,NOR,2016
96,Third qualifying round,Sturm,AUT,2016
97,Third qualifying round,Târgu Mureş,ROU,2016
98,Third qualifying round,Trabzonspor,TUR,2016
99,Third qualifying round,Vaduz,LIE,2016
100,Third qualifying round,Vitesse,NED,2016
101,Third qualifying round,Vitória SC,POR,2016
102,Third qualifying round,Vorskla,UKR,2016
103,Third qualifying round,West Ham,ENG,2016
104,Third qualifying round,Wolfsberg,AUT,2016
105,Third qualifying round,Željezničar,BIH,2016
106,Third qualifying round,Zürich,SUI,2016
107,Second qualifying round,Alashkert,ARM,2016
108,Second qualifying round,Beitar Jerusalem,ISR,2016
109,Second qualifying round,Beroe,BUL,2016
110,Second qualifying round,Birkirkara,MLT,2016
111,Second qualifying round,Botoşani,ROU,2016
112,Second qualifying round,Cherno More,BUL,2016
113,Second qualifying round,Čukarički,SRB,2016
114,Second qualifying round,Dacia,MDA,2016
115,Second qualifying round,Differdange,LUX,2016
116,Second qualifying round,Ferencváros,HUN,2016
117,Second qualifying round,FH,ISL,2016
118,Second qualifying round,H. Beer-Sheva,ISR,2016
119,Second qualifying round,Inverness,SCO,2016
120,Second qualifying round,Jagiellonia,POL,2016
121,Second qualifying round,Jelgava,LVA,2016
122,Second qualifying round,Kalju,EST,2016
123,Second qualifying round,Koper,SVN,2016
124,Second qualifying round,KR Reykjavik,ISL,2016
125,Second qualifying round,Linfield,NIR,2016
126,Second qualifying round,Lokomotiva Zagreb,CRO,2016
127,Second qualifying round,Mladá Boleslav,CZE,2016
128,Second qualifying round,Newtown,WAL,2016
129,Second qualifying round,Randers,DEN,2016
130,Second qualifying round,Rijeka,CRO,2016
131,Second qualifying round,Riteriai,LTU,2016
132,Second qualifying round,Shakhtyor,BLR,2016
133,Second qualifying round,Shamrock Rovers,IRL,2016
134,Second qualifying round,Shirak,ARM,2016
135,Second qualifying round,Skonto,LVA,2016
136,Second qualifying round,Śląsk,POL,2016
137,Second qualifying round,Spartaks Jūrmala,LVA,2016
138,Second qualifying round,Titograd,MNE,2016
139,Second qualifying round,UCD,IRL,2016
140,First qualifying round,Aktobe,KAZ,2016
141,First qualifying round,Atlantas,LTU,2016
142,First qualifying round,Bala,WAL,2016
143,First qualifying round,Balzan,MLT,2016
144,First qualifying round,Broughton,WAL,2016
145,First qualifying round,Budućnost Podgorica,MNE,2016
146,First qualifying round,Celje,SVN,2016
147,First qualifying round,Cork,IRL,2016
148,First qualifying round,Crvena zvezda,SRB,2016
149,First qualifying round,Diddeleng,LUX,2016
150,First qualifying round,Dinamo Batumi,GEO,2016
151,First qualifying round,Dinamo Tbilisi,GEO,2016
152,First qualifying round,Domžale,SVN,2016
153,First qualifying round,Europa,GIB,2016
154,First qualifying round,Flora,EST,2016
155,First qualifying round,Glenavon,NIR,2016
156,First qualifying round,Glentoran,NIR,2016
157,First qualifying round,Go Ahead Eagles,NED,2016
158,First qualifying round,HB,FRO,2016
159,First qualifying round,Juvenes/Dogana,SMR,2016
160,First qualifying round,Kruoja,LTU,2016
161,First qualifying round,La Fiorita,SMR,2016
162,First qualifying round,Laç,ALB,2016
163,First qualifying round,Lahti,FIN,2016
164,First qualifying round,Litex,BUL,2016
165,First qualifying round,Lusitans,AND,2016
166,First qualifying round,MTK,HUN,2016
167,First qualifying round,Neftçi,AZE,2016
168,First qualifying round,NSÍ,FRO,2016
169,First qualifying round,Olimpic Sarajevo,BIH,2016
170,First qualifying round,Ordabasy,KAZ,2016
171,First qualifying round,Partizani,ALB,2016
172,First qualifying round,Progrès,LUX,2016
173,First qualifying round,Renova,MKD,2016
174,First qualifying round,Sant Julià,AND,2016
175,First qualifying round,Saxan,MDA,2016
176,First qualifying round,Sheriff,MDA,2016
177,First qualifying round,Shkëndija,MKD,2016
178,First qualifying round,Sillamäe,EST,2016
179,First qualifying round,SJK,FIN,2016
180,First qualifying round,St Johnstone,SCO,2016
181,First qualifying round,St Patrick's,IRL,2016
182,First qualifying round,Sutjeska,MNE,2016
183,First qualifying round,Torpedo Zhodino,BLR,2016
184,First qualifying round,Tskhinvali,GEO,2016
185,First qualifying round,Ulisses,ARM,2016
186,First qualifying round,Valletta,MLT,2016
187,First qualifying round,Vikingur,FRO,2016
188,First qualifying round,Víkingur Reykjavík,ISL,2016
189,First qualifying round,VPS,FIN,2016
190,First qualifying round,Zrinjski,BIH,2016
0,Final,Ajax,NED,2017
1,Final,Man United,ENG,2017
2,Semi-finals,Celta,ESP,2017
3,Semi-finals,Lyon,FRA,2017
4,Quarter-finals,Anderlecht,BEL,2017
5,Quarter-finals,Beşiktaş,TUR,2017
6,Quarter-finals,Genk,BEL,2017
7,Quarter-finals,Schalke,GER,2017
8,Round of 16,APOEL,CYP,2017
9,Round of 16,Copenhagen,DEN,2017
10,Round of 16,Gent,BEL,2017
11,Round of 16,Krasnodar,RUS,2017
12,Round of 16,Mönchengladbach,GER,2017
13,Round of 16,Olympiacos,GRE,2017
14,Round of 16,Roma,ITA,2017
15,Round of 16,Rostov,RUS,2017
16,Round of 32,Astra,ROU,2017
17,Round of 32,Athletic Club,ESP,2017
18,Round of 32,AZ Alkmaar,NED,2017
19,Round of 32,Fenerbahçe,TUR,2017
20,Round of 32,Fiorentina,ITA,2017
21,Round of 32,H. Beer-Sheva,ISR,2017
22,Round of 32,Legia,POL,2017
23,Round of 32,Ludogorets,BUL,2017
24,Round of 32,Osmanlıspor,TUR,2017
25,Round of 32,PAOK,GRE,2017
26,Round of 32,Shakhtar Donetsk,UKR,2017
27,Round of 32,Sparta Praha,CZE,2017
28,Round of 32,St-Étienne,FRA,2017
29,Round of 32,Tottenham,ENG,2017
30,Round of 32,Villarreal,ESP,2017
31,Round of 32,Zenit,RUS,2017
32,Group stage,Astana,KAZ,2017
33,Group stage,Austria Wien,AUT,2017
34,Group stage,Braga,POR,2017
35,Group stage,Dundalk,IRL,2017
36,Group stage,FCSB,ROU,2017
37,Group stage,Feyenoord,NED,2017
38,Group stage,Gabala,AZE,2017
39,Group stage,Inter,ITA,2017
40,Group stage,Konyaspor,TUR,2017
41,Group stage,Liberec,CZE,2017
42,Group stage,M. Tel-Aviv,ISR,2017
43,Group stage,Mainz,GER,2017
44,Group stage,Nice,FRA,2017
45,Group stage,Panathinaikos,GRE,2017
46,Group stage,Plzeň,CZE,2017
47,Group stage,Qarabağ,AZE,2017
48,Group stage,Rapid Wien,AUT,2017
49,Group stage,Salzburg,AUT,2017
50,Group stage,Sassuolo,ITA,2017
51,Group stage,Southampton,ENG,2017
52,Group stage,Standard Liège,BEL,2017
53,Group stage,Young Boys,SUI,2017
54,Group stage,Zorya Luhansk,UKR,2017
55,Group stage,Zürich,SUI,2017
56,Play-offs,AEK Larnaca,CYP,2017
57,Play-offs,Arouca,POR,2017
58,Play-offs,BATE,BLR,2017
59,Play-offs,Beitar Jerusalem,ISR,2017
60,Play-offs,Brøndby,DEN,2017
61,Play-offs,Crvena zvezda,SRB,2017
62,Play-offs,Dinamo Tbilisi,GEO,2017
63,Play-offs,Göteborg,SWE,2017
64,Play-offs,Grasshoppers,SUI,2017
65,Play-offs,Hajduk Split,CRO,2017
66,Play-offs,İstanbul Başakşehir,TUR,2017
67,Play-offs,Lokomotiva Zagreb,CRO,2017
68,Play-offs,Maribor,SVN,2017
69,Play-offs,Midtjylland,DEN,2017
70,Play-offs,Partizani,ALB,2017
71,Play-offs,Rosenborg,NOR,2017
72,Play-offs,Shkëndija,MKD,2017
73,Play-offs,Slavia Praha,CZE,2017
74,Play-offs,SønderjyskE,DEN,2017
75,Play-offs,Trenčín,SVK,2017
76,Play-offs,Vojvodina,SRB,2017
77,Play-offs,West Ham,ENG,2017
78,Third qualifying round,Aberdeen,SCO,2017
79,Third qualifying round,Admira,AUT,2017
80,Third qualifying round,AEK,GRE,2017
81,Third qualifying round,AIK,SWE,2017
82,Third qualifying round,Apollon,CYP,2017
83,Third qualifying round,Birkirkara,MLT,2017
84,Third qualifying round,Cork,IRL,2017
85,Third qualifying round,Dinamo Minsk,BLR,2017
86,Third qualifying round,Domžale,SVN,2017
87,Third qualifying round,Fehérvár,HUN,2017
88,Third qualifying round,Giannina,GRE,2017
89,Third qualifying round,Heracles,NED,2017
90,Third qualifying round,Hertha,GER,2017
91,Third qualifying round,HJK,FIN,2017
92,Third qualifying round,Jelgava,LVA,2017
93,Third qualifying round,Kalju,EST,2017
94,Third qualifying round,LOSC,FRA,2017
95,Third qualifying round,Luzern,SUI,2017
96,Third qualifying round,Mladá Boleslav,CZE,2017
97,Third qualifying round,Olexandriya,UKR,2017
98,Third qualifying round,Pandurii,ROU,2017
99,Third qualifying round,Rijeka,CRO,2017
100,Third qualifying round,Rio Ave,POR,2017
101,Third qualifying round,Spartak Moskva,RUS,2017
102,Third qualifying round,Spartak Trnava,SVK,2017
103,Third qualifying round,Torpedo Zhodino,BLR,2017
104,Third qualifying round,Viitorul,ROU,2017
105,Third qualifying round,Vorskla,UKR,2017
106,Third qualifying round,Zagłębie,POL,2017
107,Second qualifying round,Beroe,BUL,2017
108,Second qualifying round,Budućnost Podgorica,MNE,2017
109,Second qualifying round,Cliftonville,NIR,2017
110,Second qualifying round,Connah's Quay,WAL,2017
111,Second qualifying round,CSMS laşi,ROU,2017
112,Second qualifying round,Čukarički,SRB,2017
113,Second qualifying round,Debrecen,HUN,2017
114,Second qualifying round,Europa,GIB,2017
115,Second qualifying round,Häcken,SWE,2017
116,Second qualifying round,Hearts,SCO,2017
117,Second qualifying round,Hibernian,SCO,2017
118,Second qualifying round,Kairat,KAZ,2017
119,Second qualifying round,Käpäz,AZE,2017
120,Second qualifying round,KR Reykjavik,ISL,2017
121,Second qualifying round,Kukës,ALB,2017
122,Second qualifying round,Levadia,EST,2017
123,Second qualifying round,Levski,BUL,2017
124,Second qualifying round,M. Haifa,ISR,2017
125,Second qualifying round,MTK,HUN,2017
126,Second qualifying round,Neftçi,AZE,2017
127,Second qualifying round,Odd,NOR,2017
128,Second qualifying round,Omonoia,CYP,2017
129,Second qualifying round,Partizan,SRB,2017
130,Second qualifying round,Piast,POL,2017
131,Second qualifying round,RoPS,FIN,2017
132,Second qualifying round,Shakhtyor,BLR,2017
133,Second qualifying round,Shirak,ARM,2017
134,Second qualifying round,Slovan Bratislava,SVK,2017
135,Second qualifying round,St Patrick's,IRL,2017
136,Second qualifying round,Strømsgodset,NOR,2017
137,Second qualifying round,Vaduz,LIE,2017
138,Second qualifying round,Ventspils,LVA,2017
139,Second qualifying round,Zimbru,MDA,2017
140,First qualifying round,Aktobe,KAZ,2017
141,First qualifying round,Atlantas,LTU,2017
142,First qualifying round,Bala,WAL,2017
143,First qualifying round,Balzan,MLT,2017
144,First qualifying round,Bokelj,MNE,2017
145,First qualifying round,Breidablik,ISL,2017
146,First qualifying round,Chikhura,GEO,2017
147,First qualifying round,Cracovia,POL,2017
148,First qualifying round,Dacia,MDA,2017
149,First qualifying round,Differdange,LUX,2017
150,First qualifying round,Dila,GEO,2017
151,First qualifying round,FCI,EST,2017
152,First qualifying round,Fola,LUX,2017
153,First qualifying round,Folgore,SMR,2017
154,First qualifying round,Glenavon,NIR,2017
155,First qualifying round,Gorica,SVN,2017
156,First qualifying round,HB,FRO,2017
157,First qualifying round,Hibernians,MLT,2017
158,First qualifying round,Jeunesse Esch,LUX,2017
159,First qualifying round,La Fiorita,SMR,2017
160,First qualifying round,Linfield,NIR,2017
161,First qualifying round,Llandudno,WAL,2017
162,First qualifying round,Lusitans,AND,2017
163,First qualifying round,Mariehamn,FIN,2017
164,First qualifying round,NSÍ,FRO,2017
165,First qualifying round,Ordabasy,KAZ,2017
166,First qualifying round,Pyunik,ARM,2017
167,First qualifying round,Rabotnicki,MKD,2017
168,First qualifying round,Radnik Bijeljina,BIH,2017
169,First qualifying round,Riteriai,LTU,2017
170,First qualifying round,Rudar Pljevlja,MNE,2017
171,First qualifying round,Samtredia,GEO,2017
172,First qualifying round,Shamrock Rovers,IRL,2017
173,First qualifying round,Sileks,MKD,2017
174,First qualifying round,Široki Brijeg,BIH,2017
175,First qualifying round,Slavia Sofia,BUL,2017
176,First qualifying round,Sloboda,BIH,2017
177,First qualifying round,Spartak Myjava,SVK,2017
178,First qualifying round,Spartaks Jūrmala,LVA,2017
179,First qualifying round,Stabæk,NOR,2017
180,First qualifying round,Sūduva,LTU,2017
181,First qualifying round,Teuta,ALB,2017
182,First qualifying round,UE Santa Coloma,AND,2017
183,First qualifying round,Urartu,ARM,2017
184,First qualifying round,Valur,ISL,2017
185,First qualifying round,Vikingur,FRO,2017
186,First qualifying round,Zaria Balti,MDA,2017
0,Final,Atlético,ESP,2018
1,Final,Marseille,FRA,2018
2,Semi-finals,Arsenal,ENG,2018
3,Semi-finals,Salzburg,AUT,2018
4,Quarter-finals,CSKA Moskva,RUS,2018
5,Quarter-finals,Lazio,ITA,2018
6,Quarter-finals,Leipzig,GER,2018
7,Quarter-finals,Sporting CP,POR,2018
8,Round of 16,Athletic Club,ESP,2018
9,Round of 16,Dortmund,GER,2018
10,Round of 16,Dynamo Kyiv,UKR,2018
11,Round of 16,Lokomotiv Moskva,RUS,2018
12,Round of 16,Lyon,FRA,2018
13,Round of 16,Milan,ITA,2018
14,Round of 16,Plzeň,CZE,2018
15,Round of 16,Zenit,RUS,2018
16,Round of 32,AEK,GRE,2018
17,Round of 32,Astana,KAZ,2018
18,Round of 32,Atalanta,ITA,2018
19,Round of 32,Braga,POR,2018
20,Round of 32,Celtic,SCO,2018
21,Round of 32,Copenhagen,DEN,2018
22,Round of 32,Crvena zvezda,SRB,2018
23,Round of 32,FCSB,ROU,2018
24,Round of 32,Ludogorets,BUL,2018
25,Round of 32,Napoli,ITA,2018
26,Round of 32,Nice,FRA,2018
27,Round of 32,Östersund,SWE,2018
28,Round of 32,Partizan,SRB,2018
29,Round of 32,Real Sociedad,ESP,2018
30,Round of 32,Spartak Moskva,RUS,2018
31,Round of 32,Villarreal,ESP,2018
32,Group stage,Apollon,CYP,2018
33,Group stage,Austria Wien,AUT,2018
34,Group stage,BATE,BLR,2018
35,Group stage,Everton,ENG,2018
36,Group stage,H. Beer-Sheva,ISR,2018
37,Group stage,Hertha,GER,2018
38,Group stage,Hoffenheim,GER,2018
39,Group stage,İstanbul Başakşehir,TUR,2018
40,Group stage,Köln,GER,2018
41,Group stage,Konyaspor,TUR,2018
42,Group stage,Lugano,SUI,2018
43,Group stage,M. Tel-Aviv,ISR,2018
44,Group stage,Rijeka,CRO,2018
45,Group stage,Rosenborg,NOR,2018
46,Group stage,Sheriff,MDA,2018
47,Group stage,Skënderbeu,ALB,2018
48,Group stage,Slavia Praha,CZE,2018
49,Group stage,Vardar,MKD,2018
50,Group stage,Vitesse,NED,2018
51,Group stage,Vitória SC,POR,2018
52,Group stage,Young Boys,SUI,2018
53,Group stage,Zlín,CZE,2018
54,Group stage,Zorya Luhansk,UKR,2018
55,Group stage,Zulte Waregem,BEL,2018
56,Play-offs,AEK Larnaca,CYP,2018
57,Play-offs,Ajax,NED,2018
58,Play-offs,Altach,AUT,2018
59,Play-offs,Club Brugge,BEL,2018
60,Play-offs,Dinamo Zagreb,CRO,2018
61,Play-offs,Domžale,SVN,2018
62,Play-offs,Fehérvár,HUN,2018
63,Play-offs,Fenerbahçe,TUR,2018
64,Play-offs,FH,ISL,2018
65,Play-offs,Hajduk Split,CRO,2018
66,Play-offs,Krasnodar,RUS,2018
67,Play-offs,Legia,POL,2018
68,Play-offs,Marítimo,POR,2018
69,Play-offs,Midtjylland,DEN,2018
70,Play-offs,Olexandriya,UKR,2018
71,Play-offs,Osijek,CRO,2018
72,Play-offs,Panathinaikos,GRE,2018
73,Play-offs,PAOK,GRE,2018
74,Play-offs,Shkëndija,MKD,2018
75,Play-offs,Sūduva,LTU,2018
76,Play-offs,Utrecht,NED,2018
77,Play-offs,Viitorul,ROU,2018
78,Third qualifying round,Aberdeen,SCO,2018
79,Third qualifying round,AEL,CYP,2018
80,Third qualifying round,AIK,SWE,2018
81,Third qualifying round,Arka,POL,2018
82,Third qualifying round,Astra,ROU,2018
83,Third qualifying round,Bnei Yehuda,ISR,2018
84,Third qualifying round,Bordeaux,FRA,2018
85,Third qualifying round,Botev Plovdiv,BUL,2018
86,Third qualifying round,Brøndby,DEN,2018
87,Third qualifying round,Dinamo Bucureşti,ROU,2018
88,Third qualifying round,Dinamo Minsk,BLR,2018
89,Third qualifying round,Fola,LUX,2018
90,Third qualifying round,Freiburg,GER,2018
91,Third qualifying round,Gabala,AZE,2018
92,Third qualifying round,Gent,BEL,2018
93,Third qualifying round,Lech,POL,2018
94,Third qualifying round,Lyngby,DEN,2018
95,Third qualifying round,Mladá Boleslav,CZE,2018
96,Third qualifying round,Odd,NOR,2018
97,Third qualifying round,Olimpik Donetsk,UKR,2018
98,Third qualifying round,Oostende,BEL,2018
99,Third qualifying round,Panionios,GRE,2018
100,Third qualifying round,PSV,NED,2018
101,Third qualifying round,Riteriai,LTU,2018
102,Third qualifying round,Ružomberok,SVK,2018
103,Third qualifying round,Sion,SUI,2018
104,Third qualifying round,Sparta Praha,CZE,2018
105,Third qualifying round,Sturm,AUT,2018
106,Third qualifying round,Universitatea Craiova,ROU,2018
107,Second qualifying round,Beitar Jerusalem,ISR,2018
108,Second qualifying round,Brann,NOR,2018
109,Second qualifying round,Cork,IRL,2018
110,Second qualifying round,Dinamo Brest,BLR,2018
111,Second qualifying round,Ferencváros,HUN,2018
112,Second qualifying round,Galatasaray,TUR,2018
113,Second qualifying round,Gorica,SVN,2018
114,Second qualifying round,Haugesund,NOR,2018
115,Second qualifying round,HJK,FIN,2018
116,Second qualifying round,Irtysh,KAZ,2018
117,Second qualifying round,Jagiellonia,POL,2018
118,Second qualifying round,Kairat,KAZ,2018
119,Second qualifying round,Kalju,EST,2018
120,Second qualifying round,Keşla,AZE,2018
121,Second qualifying round,KR Reykjavik,ISL,2018
122,Second qualifying round,Levski,BUL,2018
123,Second qualifying round,Liepāja,LVA,2018
124,Second qualifying round,Luzern,SUI,2018
125,Second qualifying round,Norrköping,SWE,2018
126,Second qualifying round,PFC Zire,AZE,2018
127,Second qualifying round,Progrès,LUX,2018
128,Second qualifying round,Rabotnicki,MKD,2018
129,Second qualifying round,Shamrock Rovers,IRL,2018
130,Second qualifying round,Široki Brijeg,BIH,2018
131,Second qualifying round,Slovan Bratislava,SVK,2018
132,Second qualifying round,Titograd,MNE,2018
133,Second qualifying round,Trenčín,SVK,2018
134,Second qualifying round,Vaduz,LIE,2018
135,Second qualifying round,Valletta,MLT,2018
136,Second qualifying round,Valur,ISL,2018
137,Second qualifying round,VPS,FIN,2018
138,Second qualifying round,Zaria Balti,MDA,2018
139,Second qualifying round,Željezničar,BIH,2018
140,First qualifying round,Atlantas,LTU,2018
141,First qualifying round,B36,FRO,2018
142,First qualifying round,Bala,WAL,2018
143,First qualifying round,Ballymena,NIR,2018
144,First qualifying round,Balzan,MLT,2018
145,First qualifying round,Bangor,WAL,2018
146,First qualifying round,Chikhura,GEO,2018
147,First qualifying round,Coleraine,NIR,2018
148,First qualifying round,Connah's Quay,WAL,2018
149,First qualifying round,Crusaders,NIR,2018
150,First qualifying round,Dacia,MDA,2018
151,First qualifying round,Derry,IRL,2018
152,First qualifying round,Differdange,LUX,2018
153,First qualifying round,Dinamo Batumi,GEO,2018
154,First qualifying round,Dunav,BUL,2018
155,First qualifying round,Flora,EST,2018
156,First qualifying round,Floriana,MLT,2018
157,First qualifying round,Folgore,SMR,2018
158,First qualifying round,Gandzasar,ARM,2018
159,First qualifying round,Jelgava,LVA,2018
160,First qualifying round,KÍ,FRO,2018
161,First qualifying round,Levadia,EST,2018
162,First qualifying round,Lincoln Red Imps,GIB,2018
163,First qualifying round,Milsami,MDA,2018
164,First qualifying round,Mladost Lučani,SRB,2018
165,First qualifying round,NSÍ,FRO,2018
166,First qualifying round,Olimpija Ljubljana,SVN,2018
167,First qualifying round,Ordabasy,KAZ,2018
168,First qualifying round,Partizani,ALB,2018
169,First qualifying round,Pelister,MKD,2018
170,First qualifying round,Prishtina,KOS,2018
171,First qualifying round,Pyunik,ARM,2018
172,First qualifying round,Rangers,SCO,2018
173,First qualifying round,Sant Julià,AND,2018
174,First qualifying round,Sarajevo,BIH,2018
175,First qualifying round,Shakhtyor,BLR,2018
176,First qualifying round,Shirak,ARM,2018
177,First qualifying round,SJK,FIN,2018
178,First qualifying round,St Johnstone,SCO,2018
179,First qualifying round,St Joseph's,GIB,2018
180,First qualifying round,Stjarnan,ISL,2018
181,First qualifying round,Sutjeska,MNE,2018
182,First qualifying round,Tirana,ALB,2018
183,First qualifying round,Torpedo Kutaisi,GEO,2018
184,First qualifying round,Tre Penne,SMR,2018
185,First qualifying round,UE Santa Coloma,AND,2018
186,First qualifying round,Vasas,HUN,2018
187,First qualifying round,Ventspils,LVA,2018
188,First qualifying round,Vojvodina,SRB,2018
189,First qualifying round,Zeta,MNE,2018
0,Final,Arsenal,ENG,2019
1,Final,Chelsea,ENG,2019
2,Semi-finals,Frankfurt,GER,2019
3,Semi-finals,Valencia,ESP,2019
4,Quarter-finals,Benfica,POR,2019
5,Quarter-finals,Napoli,ITA,2019
6,Quarter-finals,Slavia Praha,CZE,2019
7,Quarter-finals,Villarreal,ESP,2019
8,Round of 16,Dinamo Zagreb,CRO,2019
9,Round of 16,Dynamo Kyiv,UKR,2019
10,Round of 16,Inter,ITA,2019
11,Round of 16,Krasnodar,RUS,2019
12,Round of 16,Rennes,FRA,2019
13,Round of 16,Salzburg,AUT,2019
14,Round of 16,Sevilla,ESP,2019
15,Round of 16,Zenit,RUS,2019
16,Round of 32,BATE,BLR,2019
17,Round of 32,Betis,ESP,2019
18,Round of 32,Celtic,SCO,2019
19,Round of 32,Club Brugge,BEL,2019
20,Round of 32,Fenerbahçe,TUR,2019
21,Round of 32,Galatasaray,TUR,2019
22,Round of 32,Genk,BEL,2019
23,Round of 32,Lazio,ITA,2019
24,Round of 32,Leverkusen,GER,2019
25,Round of 32,Malmö,SWE,2019
26,Round of 32,Olympiacos,GRE,2019
27,Round of 32,Plzeň,CZE,2019
28,Round of 32,Rapid Wien,AUT,2019
29,Round of 32,Shakhtar Donetsk,UKR,2019
30,Round of 32,Sporting CP,POR,2019
31,Round of 32,Zürich,SUI,2019
32,Group stage,AEK Larnaca,CYP,2019
33,Group stage,Akhisar,TUR,2019
34,Group stage,Anderlecht,BEL,2019
35,Group stage,Apollon,CYP,2019
36,Group stage,Astana,KAZ,2019
37,Group stage,Beşiktaş,TUR,2019
38,Group stage,Bordeaux,FRA,2019
39,Group stage,Copenhagen,DEN,2019
40,Group stage,Diddeleng,LUX,2019
41,Group stage,Fehérvár,HUN,2019
42,Group stage,Jablonec,CZE,2019
43,Group stage,Leipzig,GER,2019
44,Group stage,Ludogorets,BUL,2019
45,Group stage,Marseille,FRA,2019
46,Group stage,Milan,ITA,2019
47,Group stage,PAOK,GRE,2019
48,Group stage,Qarabağ,AZE,2019
49,Group stage,Rangers,SCO,2019
50,Group stage,Rosenborg,NOR,2019
51,Group stage,Sarpsborg,NOR,2019
52,Group stage,Spartak Moskva,RUS,2019
53,Group stage,Spartak Trnava,SVK,2019
54,Group stage,Standard Liège,BEL,2019
55,Group stage,Vorskla,UKR,2019
56,Play-offs,APOEL,CYP,2019
57,Play-offs,Atalanta,ITA,2019
58,Play-offs,Basel,SUI,2019
59,Play-offs,Brøndby,DEN,2019
60,Play-offs,Burnley,ENG,2019
61,Play-offs,CFR Cluj,ROU,2019
62,Play-offs,FCSB,ROU,2019
63,Play-offs,Gent,BEL,2019
64,Play-offs,M. Tel-Aviv,ISR,2019
65,Play-offs,Midtjylland,DEN,2019
66,Play-offs,Molde,NOR,2019
67,Play-offs,Olimpija Ljubljana,SVN,2019
68,Play-offs,Partizan,SRB,2019
69,Play-offs,Sheriff,MDA,2019
70,Play-offs,Shkëndija,MKD,2019
71,Play-offs,Sigma,CZE,2019
72,Play-offs,Sūduva,LTU,2019
73,Play-offs,Torpedo Kutaisi,GEO,2019
74,Play-offs,Trenčín,SVK,2019
75,Play-offs,Ufa,RUS,2019
76,Play-offs,Zorya Luhansk,UKR,2019
77,Third qualifying round,Alashkert,ARM,2019
78,Third qualifying round,Braga,POR,2019
79,Third qualifying round,Cork,IRL,2019
80,Third qualifying round,CSKA-Sofia,BUL,2019
81,Third qualifying round,Dinamo Brest,BLR,2019
82,Third qualifying round,Dinamo Minsk,BLR,2019
83,Third qualifying round,Feyenoord,NED,2019
84,Third qualifying round,H. Beer-Sheva,ISR,2019
85,Third qualifying round,H. Haifa,ISR,2019
86,Third qualifying round,Hajduk Split,CRO,2019
87,Third qualifying round,Hibernian,SCO,2019
88,Third qualifying round,HJK,FIN,2019
89,Third qualifying round,İstanbul Başakşehir,TUR,2019
90,Third qualifying round,Jagiellonia,POL,2019
91,Third qualifying round,Kairat,KAZ,2019
92,Third qualifying round,Kukës,ALB,2019
93,Third qualifying round,LASK,AUT,2019
94,Third qualifying round,Lech,POL,2019
95,Third qualifying round,Legia,POL,2019
96,Third qualifying round,Luzern,SUI,2019
97,Third qualifying round,Maribor,SVN,2019
98,Third qualifying round,Mariupol,UKR,2019
99,Third qualifying round,Nordsjælland,DEN,2019
100,Third qualifying round,Progrès,LUX,2019
101,Third qualifying round,Pyunik,ARM,2019
102,Third qualifying round,Rijeka,CRO,2019
103,Third qualifying round,Slovan Bratislava,SVK,2019
104,Third qualifying round,Spartak Subotica,SRB,2019
105,Third qualifying round,Spartaks Jūrmala,LVA,2019
106,Third qualifying round,Sturm,AUT,2019
107,Third qualifying round,TNS,WAL,2019
108,Third qualifying round,Universitatea Craiova,ROU,2019
109,Third qualifying round,Valur,ISL,2019
110,Third qualifying round,Vitesse,NED,2019
111,Third qualifying round,Žalgiris,LTU,2019
112,Third qualifying round,Zrinjski,BIH,2019
113,Second qualifying round,Aberdeen,SCO,2019
114,Second qualifying round,Admira,AUT,2019
115,Second qualifying round,AIK,SWE,2019
116,Second qualifying round,Asteras,GRE,2019
117,Second qualifying round,Atromitos,GRE,2019
118,Second qualifying round,AZ Alkmaar,NED,2019
119,Second qualifying round,B36,FRO,2019
120,Second qualifying round,Balzan,MLT,2019
121,Second qualifying round,Chikhura,GEO,2019
122,Second qualifying round,Crusaders,NIR,2019
123,Second qualifying round,Djurgården,SWE,2019
124,Second qualifying round,Domžale,SVN,2019
125,Second qualifying round,Drita,KOS,2019
126,Second qualifying round,Dunajská Streda,SVK,2019
127,Second qualifying round,Dundalk,IRL,2019
128,Second qualifying round,FC Santa Coloma,AND,2019
129,Second qualifying round,FH,ISL,2019
130,Second qualifying round,Flora,EST,2019
131,Second qualifying round,Fola,LUX,2019
132,Second qualifying round,Górnik Zabrze,POL,2019
133,Second qualifying round,Häcken,SWE,2019
134,Second qualifying round,Honvéd,HUN,2019
135,Second qualifying round,La Fiorita,SMR,2019
136,Second qualifying round,Laç,ALB,2019
137,Second qualifying round,Lillestrøm,NOR,2019
138,Second qualifying round,Lincoln Red Imps,GIB,2019
139,Second qualifying round,Osijek,CRO,2019
140,Second qualifying round,Radnicki Niš,SRB,2019
141,Second qualifying round,Rio Ave,POR,2019
142,Second qualifying round,Riteriai,LTU,2019
143,Second qualifying round,Rudar Velenje,SVN,2019
144,Second qualifying round,Sarajevo,BIH,2019
145,Second qualifying round,Shakhtyor,BLR,2019
146,Second qualifying round,Slavia Sofia,BUL,2019
147,Second qualifying round,Sparta Praha,CZE,2019
148,Second qualifying round,St. Gallen,SUI,2019
149,Second qualifying round,Stjarnan,ISL,2019
150,Second qualifying round,Sutjeska,MNE,2019
151,Second qualifying round,Tobol,KAZ,2019
152,Second qualifying round,Újpest,HUN,2019
153,Second qualifying round,Vaduz,LIE,2019
154,Second qualifying round,Valletta,MLT,2019
155,Second qualifying round,Ventspils,LVA,2019
156,Second qualifying round,Viitorul,ROU,2019
157,Second qualifying round,Vikingur,FRO,2019
158,Second qualifying round,Željezničar,BIH,2019
159,First qualifying round,Anorthosis,CYP,2019
160,First qualifying round,Bala,WAL,2019
161,First qualifying round,Beitar Jerusalem,ISR,2019
162,First qualifying round,Budućnost Podgorica,MNE,2019
163,First qualifying round,Cliftonville,NIR,2019
164,First qualifying round,Coleraine,NIR,2019
165,First qualifying round,Connah's Quay,WAL,2019
166,First qualifying round,Derry,IRL,2019
167,First qualifying round,Dinamo Tbilisi,GEO,2019
168,First qualifying round,Engordany,AND,2019
169,First qualifying round,Ferencváros,HUN,2019
170,First qualifying round,Gabala,AZE,2019
171,First qualifying round,Gandzasar,ARM,2019
172,First qualifying round,Glenavon,NIR,2019
173,First qualifying round,Gżira,MLT,2019
174,First qualifying round,ÍBV,ISL,2019
175,First qualifying round,Ilves,FIN,2019
176,First qualifying round,Irtysh,KAZ,2019
177,First qualifying round,Kalju,EST,2019
178,First qualifying round,Keşla,AZE,2019
179,First qualifying round,KÍ,FRO,2019
180,First qualifying round,KuPS,FIN,2019
181,First qualifying round,Lahti,FIN,2019
182,First qualifying round,Levadia,EST,2019
183,First qualifying round,Levski,BUL,2019
184,First qualifying round,Liepāja,LVA,2019
185,First qualifying round,Luftëtari,ALB,2019
186,First qualifying round,Milsami,MDA,2019
187,First qualifying round,Neftçi,AZE,2019
188,First qualifying round,NSÍ,FRO,2019
189,First qualifying round,Partizani,ALB,2019
190,First qualifying round,Petrocub,MDA,2019
191,First qualifying round,Prishtina,KOS,2019
192,First qualifying round,Rabotnicki,MKD,2019
193,First qualifying round,Racing Union,LUX,2019
194,First qualifying round,Riga,LVA,2019
195,First qualifying round,Rudar Pljevlja,MNE,2019
196,First qualifying round,Samtredia,GEO,2019
197,First qualifying round,Shamrock Rovers,IRL,2019
198,First qualifying round,Shkupi,MKD,2019
199,First qualifying round,Široki Brijeg,BIH,2019
200,First qualifying round,Stumbras,LTU,2019
201,First qualifying round,Titograd,MNE,2019
202,First qualifying round,Trans,EST,2019
203,First qualifying round,Tre Fiori,SMR,2019
204,First qualifying round,Urartu,ARM,2019
205,First qualifying round,Vardar,MKD,2019
206,First qualifying round,Zaria Balti,MDA,2019
207,Preliminary Round,Birkirkara,MLT,2019
208,Preliminary Round,Cefn Druids,WAL,2019
209,Preliminary Round,Europa,GIB,2019
210,Preliminary Round,Folgore,SMR,2019
211,Preliminary Round,Sant Julià,AND,2019
212,Preliminary Round,St Joseph's,GIB,2019
0,Final,Inter,ITA,2020
1,Final,Sevilla,ESP,2020
2,Semi-finals,Man United,ENG,2020
3,Semi-finals,Shakhtar Donetsk,UKR,2020
4,Quarter-finals,Basel,SUI,2020
5,Quarter-finals,Copenhagen,DEN,2020
6,Quarter-finals,Leverkusen,GER,2020
7,Quarter-finals,Wolves,ENG,2020
8,Round of 16,Frankfurt,GER,2020
9,Round of 16,Getafe,ESP,2020
10,Round of 16,İstanbul Başakşehir,TUR,2020
11,Round of 16,LASK,AUT,2020
12,Round of 16,Olympiacos,GRE,2020
13,Round of 16,Rangers,SCO,2020
14,Round of 16,Roma,ITA,2020
15,Round of 16,Wolfsburg,GER,2020
16,Round of 32,Ajax,NED,2020
17,Round of 32,APOEL,CYP,2020
18,Round of 32,Arsenal,ENG,2020
19,Round of 32,AZ Alkmaar,NED,2020
20,Round of 32,Benfica,POR,2020
21,Round of 32,Braga,POR,2020
22,Round of 32,Celtic,SCO,2020
23,Round of 32,CFR Cluj,ROU,2020
24,Round of 32,Club Brugge,BEL,2020
25,Round of 32,Espanyol,ESP,2020
26,Round of 32,Gent,BEL,2020
27,Round of 32,Ludogorets,BUL,2020
28,Round of 32,Malmö,SWE,2020
29,Round of 32,Porto,POR,2020
30,Round of 32,Salzburg,AUT,2020
31,Round of 32,Sporting CP,POR,2020
32,Group stage,Astana,KAZ,2020
33,Group stage,Beşiktaş,TUR,2020
34,Group stage,CSKA Moskva,RUS,2020
35,Group stage,Diddeleng,LUX,2020
36,Group stage,Dynamo Kyiv,UKR,2020
37,Group stage,Ferencváros,HUN,2020
38,Group stage,Feyenoord,NED,2020
39,Group stage,Krasnodar,RUS,2020
40,Group stage,Lazio,ITA,2020
41,Group stage,Lugano,SUI,2020
42,Group stage,Mönchengladbach,GER,2020
43,Group stage,Olexandriya,UKR,2020
44,Group stage,Partizan,SRB,2020
45,Group stage,PSV,NED,2020
46,Group stage,Qarabağ,AZE,2020
47,Group stage,Rennes,FRA,2020
48,Group stage,Rosenborg,NOR,2020
49,Group stage,Slovan Bratislava,SVK,2020
50,Group stage,Standard Liège,BEL,2020
51,Group stage,St-Étienne,FRA,2020
52,Group stage,Trabzonspor,TUR,2020
53,Group stage,Vitória SC,POR,2020
54,Group stage,Wolfsberg,AUT,2020
55,Group stage,Young Boys,SUI,2020
56,Play-offs,AEK,GRE,2020
57,Play-offs,AIK,SWE,2020
58,Play-offs,Antwerp,BEL,2020
59,Play-offs,Apollon,CYP,2020
60,Play-offs,Ararat-Armenia,ARM,2020
61,Play-offs,BATE,BLR,2020
62,Play-offs,Bnei Yehuda,ISR,2020
63,Play-offs,FCSB,ROU,2020
64,Play-offs,H. Beer-Sheva,ISR,2020
65,Play-offs,Legia,POL,2020
66,Play-offs,Linfield,NIR,2020
67,Play-offs,Maribor,SVN,2020
68,Play-offs,Molde,NOR,2020
69,Play-offs,PAOK,GRE,2020
70,Play-offs,Riga,LVA,2020
71,Play-offs,Rijeka,CRO,2020
72,Play-offs,Spartak Moskva,RUS,2020
73,Play-offs,Strasbourg,FRA,2020
74,Play-offs,Sūduva,LTU,2020
75,Play-offs,Torino,ITA,2020
76,Play-offs,Zorya Luhansk,UKR,2020
77,Third qualifying round,Aberdeen,SCO,2020
78,Third qualifying round,AEK Larnaca,CYP,2020
79,Third qualifying round,Aris,GRE,2020
80,Third qualifying round,Atromitos,GRE,2020
81,Third qualifying round,Austria Wien,AUT,2020
82,Third qualifying round,Brøndby,DEN,2020
83,Third qualifying round,CSKA-Sofia,BUL,2020
84,Third qualifying round,Dinamo Tbilisi,GEO,2020
85,Third qualifying round,Dundalk,IRL,2020
86,Third qualifying round,Haugesund,NOR,2020
87,Third qualifying round,HJK,FIN,2020
88,Third qualifying round,Kalju,EST,2020
89,Third qualifying round,Lokomotiv Plovdiv,BUL,2020
90,Third qualifying round,Luzern,SUI,2020
91,Third qualifying round,M. Tel-Aviv,ISR,2020
92,Third qualifying round,Mariupol,UKR,2020
93,Third qualifying round,Midtjylland,DEN,2020
94,Third qualifying round,Mladá Boleslav,CZE,2020
95,Third qualifying round,Neftçi,AZE,2020
96,Third qualifying round,Norrköping,SWE,2020
97,Third qualifying round,Plzeň,CZE,2020
98,Third qualifying round,Pyunik,ARM,2020
99,Third qualifying round,Saburtalo,GEO,2020
100,Third qualifying round,Sarajevo,BIH,2020
101,Third qualifying round,Shakhtyor,BLR,2020
102,Third qualifying round,Sheriff,MDA,2020
103,Third qualifying round,Sparta Praha,CZE,2020
104,Third qualifying round,Sutjeska,MNE,2020
105,Third qualifying round,Thun,SUI,2020
106,Third qualifying round,TNS,WAL,2020
107,Third qualifying round,Universitatea Craiova,ROU,2020
108,Third qualifying round,Vaduz,LIE,2020
109,Third qualifying round,Valletta,MLT,2020
110,Third qualifying round,Ventspils,LVA,2020
111,Third qualifying round,Yeni Malatyaspor,TUR,2020
112,Third qualifying round,Zrinjski,BIH,2020
113,Second qualifying round,AEL,CYP,2020
114,Second qualifying round,Alashkert,ARM,2020
115,Second qualifying round,Arsenal Tula,RUS,2020
116,Second qualifying round,Budućnost Podgorica,MNE,2020
117,Second qualifying round,Chikhura,GEO,2020
118,Second qualifying round,Connah's Quay,WAL,2020
119,Second qualifying round,Crusaders,NIR,2020
120,Second qualifying round,Čukarički,SRB,2020
121,Second qualifying round,Debrecen,HUN,2020
122,Second qualifying round,Domžale,SVN,2020
123,Second qualifying round,Dunajská Streda,SVK,2020
124,Second qualifying round,Esbjerg,DEN,2020
125,Second qualifying round,FC Santa Coloma,AND,2020
126,Second qualifying round,Fehérvár,HUN,2020
127,Second qualifying round,Feronikeli,KOS,2020
128,Second qualifying round,Flora,EST,2020
129,Second qualifying round,Gabala,AZE,2020
130,Second qualifying round,Gżira,MLT,2020
131,Second qualifying round,Häcken,SWE,2020
132,Second qualifying round,HB,FRO,2020
133,Second qualifying round,Honvéd,HUN,2020
134,Second qualifying round,Jablonec,CZE,2020
135,Second qualifying round,Jeunesse Esch,LUX,2020
136,Second qualifying round,Kairat,KAZ,2020
137,Second qualifying round,KÍ,FRO,2020
138,Second qualifying round,KuPS,FIN,2020
139,Second qualifying round,Lechia,POL,2020
140,Second qualifying round,Levski,BUL,2020
141,Second qualifying round,Liepāja,LVA,2020
142,Second qualifying round,Lincoln Red Imps,GIB,2020
143,Second qualifying round,M. Haifa,ISR,2020
144,Second qualifying round,Olimpija Ljubljana,SVN,2020
145,Second qualifying round,Ordabasy,KAZ,2020
146,Second qualifying round,Osijek,CRO,2020
147,Second qualifying round,Partizani,ALB,2020
148,Second qualifying round,Piast,POL,2020
149,Second qualifying round,Progrès,LUX,2020
150,Second qualifying round,Shamrock Rovers,IRL,2020
151,Second qualifying round,Shkëndija,MKD,2020
152,Second qualifying round,Spartak Trnava,SVK,2020
153,Second qualifying round,Stjarnan,ISL,2020
154,Second qualifying round,Sturm,AUT,2020
155,Second qualifying round,Tre Penne,SMR,2020
156,Second qualifying round,Utrecht,NED,2020
157,Second qualifying round,Valur,ISL,2020
158,Second qualifying round,Viitorul,ROU,2020
159,First qualifying round,Akademija Pandev,MKD,2020
160,First qualifying round,B36,FRO,2020
161,First qualifying round,Ballymena,NIR,2020
162,First qualifying round,Balzan,MLT,2020
163,First qualifying round,Brann,NOR,2020
164,First qualifying round,Breidablik,ISL,2020
165,First qualifying round,Cliftonville,NIR,2020
166,First qualifying round,Cork,IRL,2020
167,First qualifying round,Cracovia,POL,2020
168,First qualifying round,Dinamo Minsk,BLR,2020
169,First qualifying round,Engordany,AND,2020
170,First qualifying round,Europa,GIB,2020
171,First qualifying round,Fola,LUX,2020
172,First qualifying round,Hajduk Split,CRO,2020
173,First qualifying round,Hibernians,MLT,2020
174,First qualifying round,Inter Turku,FIN,2020
175,First qualifying round,Kauno Žalgiris,LTU,2020
176,First qualifying round,Kilmarnock,SCO,2020
177,First qualifying round,KR Reykjavik,ISL,2020
178,First qualifying round,Kukës,ALB,2020
179,First qualifying round,Laç,ALB,2020
180,First qualifying round,Levadia,EST,2020
181,First qualifying round,Makedonija,MKD,2020
182,First qualifying round,Milsami,MDA,2020
183,First qualifying round,NŠ Mura,SVN,2020
184,First qualifying round,Petrocub,MDA,2020
185,First qualifying round,Radnicki Niš,SRB,2020
186,First qualifying round,Radnik Bijeljina,BIH,2020
187,First qualifying round,RFS,LVA,2020
188,First qualifying round,Riteriai,LTU,2020
189,First qualifying round,RoPS,FIN,2020
190,First qualifying round,Ružomberok,SVK,2020
191,First qualifying round,Sabail,AZE,2020
192,First qualifying round,Shkupi,MKD,2020
193,First qualifying round,Široki Brijeg,BIH,2020
194,First qualifying round,Speranța Nisporeni,MDA,2020
195,First qualifying round,St Joseph's,GIB,2020
196,First qualifying round,St Patrick's,IRL,2020
197,First qualifying round,Teuta,ALB,2020
198,First qualifying round,Titograd,MNE,2020
199,First qualifying round,Tobol,KAZ,2020
200,First qualifying round,Torpedo Kutaisi,GEO,2020
201,First qualifying round,Trans,EST,2020
202,First qualifying round,Urartu,ARM,2020
203,First qualifying round,Vitebsk,BLR,2020
204,First qualifying round,Žalgiris,LTU,2020
205,First qualifying round,Zeta,MNE,2020
206,Preliminary Round,Barry,WAL,2020
207,Preliminary Round,Cardiff Met,WAL,2020
208,Preliminary Round,La Fiorita,SMR,2020
209,Preliminary Round,NSÍ,FRO,2020
210,Preliminary Round,Prishtina,KOS,2020
211,Preliminary Round,Sant Julià,AND,2020
212,Preliminary Round,Tre Fiori,SMR,2020
0,Final,Man United,ENG,2021
1,Final,Villarreal,ESP,2021
2,Semi-finals,Arsenal,ENG,2021
3,Semi-finals,Roma,ITA,2021
4,Quarter-finals,Ajax,NED,2021
5,Quarter-finals,Dinamo Zagreb,CRO,2021
6,Quarter-finals,Granada,ESP,2021
7,Quarter-finals,Slavia Praha,CZE,2021
8,Round of 16,Dynamo Kyiv,UKR,2021
9,Round of 16,Milan,ITA,2021
10,Round of 16,Molde,NOR,2021
11,Round of 16,Olympiacos,GRE,2021
12,Round of 16,Rangers,SCO,2021
13,Round of 16,Shakhtar Donetsk,UKR,2021
14,Round of 16,Tottenham,ENG,2021
15,Round of 16,Young Boys,SUI,2021
16,Round of 32,Antwerp,BEL,2021
17,Round of 32,Benfica,POR,2021
18,Round of 32,Braga,POR,2021
19,Round of 32,Club Brugge,BEL,2021
20,Round of 32,Crvena zvezda,SRB,2021
21,Round of 32,Hoffenheim,GER,2021
22,Round of 32,Krasnodar,RUS,2021
23,Round of 32,Leicester,ENG,2021
24,Round of 32,Leverkusen,GER,2021
25,Round of 32,LOSC,FRA,2021
26,Round of 32,M. Tel-Aviv,ISR,2021
27,Round of 32,Napoli,ITA,2021
28,Round of 32,PSV,NED,2021
29,Round of 32,Real Sociedad,ESP,2021
30,Round of 32,Salzburg,AUT,2021
31,Round of 32,Wolfsberg,AUT,2021
32,Group stage,AEK,GRE,2021
33,Group stage,AZ Alkmaar,NED,2021
34,Group stage,Celtic,SCO,2021
35,Group stage,CFR Cluj,ROU,2021
36,Group stage,CSKA Moskva,RUS,2021
37,Group stage,CSKA-Sofia,BUL,2021
38,Group stage,Dundalk,IRL,2021
39,Group stage,Feyenoord,NED,2021
40,Group stage,Gent,BEL,2021
41,Group stage,H. Beer-Sheva,ISR,2021
42,Group stage,LASK,AUT,2021
43,Group stage,Lech,POL,2021
44,Group stage,Liberec,CZE,2021
45,Group stage,Ludogorets,BUL,2021
46,Group stage,Nice,FRA,2021
47,Group stage,Omonoia,CYP,2021
48,Group stage,PAOK,GRE,2021
49,Group stage,Qarabağ,AZE,2021
50,Group stage,Rapid Wien,AUT,2021
51,Group stage,Rijeka,CRO,2021
52,Group stage,Sivasspor,TUR,2021
53,Group stage,Sparta Praha,CZE,2021
54,Group stage,Standard Liège,BEL,2021
55,Group stage,Zorya Luhansk,UKR,2021
56,Play-offs,APOEL,CYP,2021
57,Play-offs,Ararat-Armenia,ARM,2021
58,Play-offs,Basel,SUI,2021
59,Play-offs,Charleroi,BEL,2021
60,Play-offs,Copenhagen,DEN,2021
61,Play-offs,Dinamo Brest,BLR,2021
62,Play-offs,Fehérvár,HUN,2021
63,Play-offs,Flora,EST,2021
64,Play-offs,Galatasaray,TUR,2021
65,Play-offs,KÍ,FRO,2021
66,Play-offs,KuPS,FIN,2021
67,Play-offs,Legia,POL,2021
68,Play-offs,M. Haifa,ISR,2021
69,Play-offs,Malmö,SWE,2021
70,Play-offs,Plzeň,CZE,2021
71,Play-offs,Rio Ave,POR,2021
72,Play-offs,Rosenborg,NOR,2021
73,Play-offs,Sarajevo,BIH,2021
74,Play-offs,Sporting CP,POR,2021
75,Play-offs,Tirana,ALB,2021
76,Play-offs,Wolfsburg,GER,2021
77,Third qualifying round,Aberdeen,SCO,2021
78,Third qualifying round,Alanyaspor,TUR,2021
79,Third qualifying round,Anorthosis,CYP,2021
80,Third qualifying round,Apollon,CYP,2021
81,Third qualifying round,B36,FRO,2021
82,Third qualifying round,Beşiktaş,TUR,2021
83,Third qualifying round,Bodø/Glimt,NOR,2021
84,Third qualifying round,Budućnost Podgorica,MNE,2021
85,Third qualifying round,Celje,SVN,2021
86,Third qualifying round,Desna,UKR,2021
87,Third qualifying round,Dinamo Tbilisi,GEO,2021
88,Third qualifying round,Djurgården,SWE,2021
89,Third qualifying round,Drita,KOS,2021
90,Third qualifying round,Dunajská Streda,SVK,2021
91,Third qualifying round,FCSB,ROU,2021
92,Third qualifying round,Floriana,MLT,2021
93,Third qualifying round,Hajduk Split,CRO,2021
94,Third qualifying round,Kolos Kovalivka,UKR,2021
95,Third qualifying round,Locomotive Tbilisi,GEO,2021
96,Third qualifying round,Lokomotiva Zagreb,CRO,2021
97,Third qualifying round,Motherwell,SCO,2021
98,Third qualifying round,NŠ Mura,SVN,2021
99,Third qualifying round,Partizan,SRB,2021
100,Third qualifying round,Piast,POL,2021
101,Third qualifying round,Reims,FRA,2021
102,Third qualifying round,Riga,LVA,2021
103,Third qualifying round,Rostov,RUS,2021
104,Third qualifying round,Sheriff,MDA,2021
105,Third qualifying round,Shkëndija,MKD,2021
106,Third qualifying round,SønderjyskE,DEN,2021
107,Third qualifying round,St. Gallen,SUI,2021
108,Third qualifying round,Sūduva,LTU,2021
109,Third qualifying round,Vojvodina,SRB,2021
110,Third qualifying round,Willem II,NED,2021
111,Third qualifying round,Zrinjski,BIH,2021
112,Second qualifying round,AGF,DEN,2021
113,Second qualifying round,Aris,GRE,2021
114,Second qualifying round,Astana,KAZ,2021
115,Second qualifying round,Backa Topola,SRB,2021
116,Second qualifying round,Bala,WAL,2021
117,Second qualifying round,BATE,BLR,2021
118,Second qualifying round,Borac,BIH,2021
119,Second qualifying round,Botoşani,ROU,2021
120,Second qualifying round,Coleraine,NIR,2021
121,Second qualifying round,Connah's Quay,WAL,2021
122,Second qualifying round,Dynamo Moscow,RUS,2021
123,Second qualifying round,Europa,GIB,2021
124,Second qualifying round,FCSG,MDA,2021
125,Second qualifying round,Fola,LUX,2021
126,Second qualifying round,Göteborg,SWE,2021
127,Second qualifying round,Hammarby,SWE,2021
128,Second qualifying round,Hartberg,AUT,2021
129,Second qualifying round,Hibernians,MLT,2021
130,Second qualifying round,Honvéd,HUN,2021
131,Second qualifying round,Inter Escaldes,AND,2021
132,Second qualifying round,Jablonec,CZE,2021
133,Second qualifying round,Kairat,KAZ,2021
134,Second qualifying round,Kaysar,KAZ,2021
135,Second qualifying round,KR Reykjavik,ISL,2021
136,Second qualifying round,Kukës,ALB,2021
137,Second qualifying round,Laç,ALB,2021
138,Second qualifying round,Lincoln Red Imps,GIB,2021
139,Second qualifying round,Linfield,NIR,2021
140,Second qualifying round,Lokomotiv Plovdiv,BUL,2021
141,Second qualifying round,Neftçi,AZE,2021
142,Second qualifying round,OFI,GRE,2021
143,Second qualifying round,Olimpija Ljubljana,SVN,2021
144,Second qualifying round,Osijek,CRO,2021
145,Second qualifying round,Progrès,LUX,2021
146,Second qualifying round,Renova,MKD,2021
147,Second qualifying round,Riteriai,LTU,2021
148,Second qualifying round,Servette,SUI,2021
149,Second qualifying round,Shamrock Rovers,IRL,2021
150,Second qualifying round,Sileks,MKD,2021
151,Second qualifying round,Slovan Bratislava,SVK,2021
152,Second qualifying round,Teuta,ALB,2021
153,Second qualifying round,TNS,WAL,2021
154,Second qualifying round,Tre Fiori,SMR,2021
155,Second qualifying round,Ventspils,LVA,2021
156,Second qualifying round,Viking,NOR,2021
157,Second qualifying round,Žalgiris,LTU,2021
158,First qualifying round,Alashkert,ARM,2021
159,First qualifying round,Beitar Jerusalem,ISR,2021
160,First qualifying round,Bohemians,IRL,2021
161,First qualifying round,Breidablik,ISL,2021
162,First qualifying round,Cracovia,POL,2021
163,First qualifying round,Derry,IRL,2021
164,First qualifying round,Differdange,LUX,2021
165,First qualifying round,Dinamo Batumi,GEO,2021
166,First qualifying round,Dinamo Minsk,BLR,2021
167,First qualifying round,Dinamo-Auto,MDA,2021
168,First qualifying round,FH,ISL,2021
169,First qualifying round,Gjilani,KOS,2021
170,First qualifying round,Glentoran,NIR,2021
171,First qualifying round,Honka,FIN,2021
172,First qualifying round,Ilves,FIN,2021
173,First qualifying round,Inter Turku,FIN,2021
174,First qualifying round,Iskra,MNE,2021
175,First qualifying round,Kalju,EST,2021
176,First qualifying round,Kauno Žalgiris,LTU,2021
177,First qualifying round,Keşla,AZE,2021
178,First qualifying round,Levadia,EST,2021
179,First qualifying round,Maribor,SVN,2021
180,First qualifying round,Noah,ARM,2021
181,First qualifying round,NSÍ,FRO,2021
182,First qualifying round,Ordabasy,KAZ,2021
183,First qualifying round,Paide,EST,2021
184,First qualifying round,Petrocub,MDA,2021
185,First qualifying round,Prishtina,KOS,2021
186,First qualifying round,Puskás Akadémia,HUN,2021
187,First qualifying round,RFS,LVA,2021
188,First qualifying round,Ružomberok,SVK,2021
189,First qualifying round,Saburtalo,GEO,2021
190,First qualifying round,Shakhtyor,BLR,2021
191,First qualifying round,Shirak,ARM,2021
192,First qualifying round,Shkupi,MKD,2021
193,First qualifying round,Sirens,MLT,2021
194,First qualifying round,Slavia Sofia,BUL,2021
195,First qualifying round,Sumqayıt,AZE,2021
196,First qualifying round,Sutjeska,MNE,2021
197,First qualifying round,Union Titus Petange,LUX,2021
198,First qualifying round,Universitatea Craiova,ROU,2021
199,First qualifying round,Vaduz,LIE,2021
200,First qualifying round,Valletta,MLT,2021
201,First qualifying round,Valmiera,LVA,2021
202,First qualifying round,Víkingur Reykjavík,ISL,2021
203,First qualifying round,Željezničar,BIH,2021
204,First qualifying round,Zeta,MNE,2021
205,First qualifying round,Žilina,SVK,2021
206,Preliminary Round,Barry,WAL,2021
207,Preliminary Round,Engordany,AND,2021
208,Preliminary Round,FC Santa Coloma,AND,2021
209,Preliminary Round,HB,FRO,2021
210,Preliminary Round,La Fiorita,SMR,2021
211,Preliminary Round,St Joseph's,GIB,2021
212,Preliminary Round,Tre Penne,SMR,2021
0,Final,Frankfurt,GER,2022
1,Final,Rangers,SCO,2022
2,Semi-finals,Leipzig,GER,2022
3,Semi-finals,West Ham,ENG,2022
4,Quarter-finals,Atalanta,ITA,2022
5,Quarter-finals,Barcelona,ESP,2022
6,Quarter-finals,Braga,POR,2022
7,Quarter-finals,Lyon,FRA,2022
8,Round of 16,Betis,ESP,2022
9,Round of 16,Crvena zvezda,SRB,2022
10,Round of 16,Galatasaray,TUR,2022
11,Round of 16,Leverkusen,GER,2022
12,Round of 16,Monaco,FRA,2022
13,Round of 16,Porto,POR,2022
14,Round of 16,Sevilla,ESP,2022
15,Round of 16,Spartak Moskva,RUS,2022
16,Play-off,Dinamo Zagreb,CRO,2022
17,Play-off,Dortmund,GER,2022
18,Play-off,Lazio,ITA,2022
19,Play-off,Napoli,ITA,2022
20,Play-off,Olympiacos,GRE,2022
21,Play-off,Real Sociedad,ESP,2022
22,Play-off,Sheriff,MDA,2022
23,Play-off,Zenit,RUS,2022
24,Group stage,Antwerp,BEL,2022
25,Group stage,Brøndby,DEN,2022
26,Group stage,Celtic,SCO,2022
27,Group stage,Fenerbahçe,TUR,2022
28,Group stage,Ferencváros,HUN,2022
29,Group stage,Genk,BEL,2022
30,Group stage,Legia,POL,2022
31,Group stage,Leicester,ENG,2022
32,Group stage,Lokomotiv Moskva,RUS,2022
33,Group stage,Ludogorets,BUL,2022
34,Group stage,Marseille,FRA,2022
35,Group stage,Midtjylland,DEN,2022
36,Group stage,PSV,NED,2022
37,Group stage,Rapid Wien,AUT,2022
38,Group stage,Sparta Praha,CZE,2022
39,Group stage,Sturm,AUT,2022
40,Play-offs,Alashkert,ARM,2022
41,Play-offs,AZ Alkmaar,NED,2022
42,Play-offs,CFR Cluj,ROU,2022
43,Play-offs,HJK,FIN,2022
44,Play-offs,NŠ Mura,SVN,2022
45,Play-offs,Omonoia,CYP,2022
46,Play-offs,Randers,DEN,2022
47,Play-offs,Slavia Praha,CZE,2022
48,Play-offs,Slovan Bratislava,SVK,2022
49,Play-offs,Zorya Luhansk,UKR,2022
50,Third qualifying round,Anorthosis,CYP,2022
51,Third qualifying round,Flora,EST,2022
52,Third qualifying round,Jablonec,CZE,2022
53,Third qualifying round,Kairat,KAZ,2022
54,Third qualifying round,Lincoln Red Imps,GIB,2022
55,Third qualifying round,Neftçi,AZE,2022
56,Third qualifying round,St Johnstone,SCO,2022
57,Third qualifying round,Žalgiris,LTU,2022
